"Longitude (x)","Latitude (y)","Station Name","Climate ID","Date/Time","Year","Month","Day","Data Quality","Max Temp (°C)","Max Temp Flag","Min Temp (°C)","Min Temp Flag","Mean Temp (°C)","Mean Temp Flag","Heat Deg Days (°C)","Heat Deg Days Flag","Cool Deg Days (°C)","Cool Deg Days Flag","Total Rain (mm)","Total Rain Flag","Total Snow (cm)","Total Snow Flag","Total Precip (mm)","Total Precip Flag","Snow on Grnd (cm)","Snow on Grnd Flag","Dir of Max Gust (10s deg)","Dir of Max Gust Flag","Spd of Max Gust (km/h)","Spd of Max Gust Flag"
"-75.72","45.38","OTTAWA CDA","6105976","2021-01-01","2021","01","01","†","0.0","","-6.5","","-3.3","","21.3","","0.0","","0.0","","10.0","","9.4","","0","","","","",""
"-75.72","45.38","OTTAWA CDA","6105976","2021-01-02","2021","01","02","†","0.0","","-5.0","","-2.5","","20.5","","0.0","","0.0","","0.0","","0.0","","5","","","","",""
"-75.72","45.38","OTTAWA CDA","6105976","2021-01-03","2021","01","03","†","-1.5","","-6.0","","-3.8","","21.8","","0.0","","0.0","","0.0","","0.0","","4","","","","",""
"-75.72","45.38","OTTAWA CDA","6105976","2021-01-04","2021","01","04","†","-0.5","","-3.0","","-1.8","","19.8","","0.0","","0.0","","0.0","T","0.0","","3","","","","",""
"-75.72","45.38","OTTAWA CDA","6105976","2021-01-05","2021","01","05","†","-1.0","","-3.0","","-2.0","","20.0","","0.0","","0.0","","2.0","","1.6","","2","","","","",""
"-75.72","45.38","OTTAWA CDA","6105976","2021-01-06","2021","01","06","†","-2.0","","-4.0","","-3.0","","21.0","","0.0","","0.0","T","0.0","T","0.0","T","3","","","","",""
"-75.72","45.38","OTTAWA CDA","6105976","2021-01-07","2021","01","07","†","-3.0","","-5.5","","-4.3","","22.3","","0.0","","0.0","","0.0","","0.0","","2","","","","",""
"-75.72","45.38","OTTAWA CDA","6105976","2021-01-08","2021","01","08","†","-4.0","","-11.5","","-7.8","","25.8","","0.0","","0.0","","0.0","","0.0","","2","","","","",""
"-75.72","45.38","OTTAWA CDA","6105976","2021-01-09","2021","01","09","†","-1.0","","-9.0","","-5.0","","23.0","","0.0","","0.0","","0.0","","0.0","","2","","","","",""
"-75.72","45.38","OTTAWA CDA","6105976","2021-01-10","2021","01","10","†","-5.0","","-10.5","","-7.8","","25.8","","0.0","","0.0","","0.0","","0.0","","2","","","","",""
"-75.72","45.38","OTTAWA CDA","6105976","2021-01-11","2021","01","11","†","1.0","","-10.5","","-4.8","","22.8","","0.0","","0.0","","1.0","","0.6","","2","","","","",""
"-75.72","45.38","OTTAWA CDA","6105976","2021-01-12","2021","01","12","†","1.5","","-1.5","","0.0","","18.0","","0.0","","0.0","","0.0","","0.0","","2","","","","",""
"-75.72","45.38","OTTAWA CDA","6105976","2021-01-13","2021","01","13","†","1.0","","-2.0","","-0.5","","18.5","","0.0","","5.6","","0.0","T","5.6","","1","","","","",""
"-75.72","45.38","OTTAWA CDA","6105976","2021-01-14","2021","01","14","†","1.0","","-0.5","","0.3","","17.7","","0.0","","0.0","","0.0","","0.0","","0","","","","",""
"-75.72","45.38","OTTAWA CDA","6105976","2021-01-15","2021","01","15","†","1.0","","-2.0","","-0.5","","18.5","","0.0","","0.0","","10.0","","14.0","","0","","","","",""
"-75.72","45.38","OTTAWA CDA","6105976","2021-01-16","2021","01","16","†","1.0","","-1.0","","0.0","","18.0","","0.0","","5.6","","6.0","","10.4","","10","","","","",""
"-75.72","45.38","OTTAWA CDA","6105976","2021-01-17","2021","01","17","†","0.0","","-3.5","","-1.8","","19.8","","0.0","","0.0","T","0.0","","0.0","T","15","","","","",""
"-75.72","45.38","OTTAWA CDA","6105976","2021-01-18","2021","01","18","†","-7.0","","-10.0","","-8.5","","26.5","","0.0","","0.0","","0.0","","0.0","","15","","","","",""
"-75.72","45.38","OTTAWA CDA","6105976","2021-01-19","2021","01","19","†","-7.0","","-16.0","","-11.5","","29.5","","0.0","","0.0","","2.0","","1.4","","14","","","","",""
"-75.72","45.38","OTTAWA CDA","6105976","2021-01-20","2021","01","20","†","-9.0","","-11.0","","-10.0","","28.0","","0.0","","0.0","","5.0","","4.0","","15","","","","",""
"-75.72","45.38","OTTAWA CDA","6105976","2021-01-21","2021","01","21","†","-1.5","","-16.0","","-8.8","","26.8","","0.0","","0.0","","4.0","","2.6","","10","","","","",""
"-75.72","45.38","OTTAWA CDA","6105976","2021-01-22","2021","01","22","†","-5.0","","-8.0","","-6.5","","24.5","","0.0","","0.0","","0.0","T","0.0","","19","","","","",""
"-75.72","45.38","OTTAWA CDA","6105976","2021-01-23","2021","01","23","†","-13.0","","-18.0","","-15.5","","33.5","","0.0","","0.0","","0.0","","0.0","","19","","","","",""
"-75.72","45.38","OTTAWA CDA","6105976","2021-01-24","2021","01","24","†","-10.0","","-19.0","","-14.5","","32.5","","0.0","","0.0","","0.0","","0.0","","19","","","","",""
"-75.72","45.38","OTTAWA CDA","6105976","2021-01-25","2021","01","25","†","-6.0","","-19.0","","-12.5","","30.5","","0.0","","0.0","","1.0","","0.6","","17","","","","",""
"-75.72","45.38","OTTAWA CDA","6105976","2021-01-26","2021","01","26","†","-3.5","","-8.5","","-6.0","","24.0","","0.0","","0.0","","7.0","","7.0","","18","","","","",""
"-75.72","45.38","OTTAWA CDA","6105976","2021-01-27","2021","01","27","†","-3.0","","-8.0","","-5.5","","23.5","","0.0","","0.0","","0.0","","0.0","","24","","","","",""
"-75.72","45.38","OTTAWA CDA","6105976","2021-01-28","2021","01","28","†","-11.0","","-12.5","","-11.8","","29.8","","0.0","","0.0","","0.0","","0.0","","24","","","","",""
"-75.72","45.38","OTTAWA CDA","6105976","2021-01-29","2021","01","29","†","-11.0","","-20.0","","-15.5","","33.5","","0.0","","0.0","","0.0","","0.0","","20","","","","",""
"-75.72","45.38","OTTAWA CDA","6105976","2021-01-30","2021","01","30","†","-10.0","","-19.0","","-14.5","","32.5","","0.0","","0.0","","0.0","","0.0","","20","","","","",""
"-75.72","45.38","OTTAWA CDA","6105976","2021-01-31","2021","01","31","†","-11.0","","-20.0","","-15.5","","33.5","","0.0","","0.0","","0.0","","0.0","","20","","","","",""
"-75.72","45.38","OTTAWA CDA","6105976","2021-02-01","2021","02","01","†","-5.0","","-23.0","","-14.0","","32.0","","0.0","","0.0","","0.0","T","0.0","","20","","","","",""
"-75.72","45.38","OTTAWA CDA","6105976","2021-02-02","2021","02","02","†","2.0","","-13.5","","-5.8","","23.8","","0.0","","0.0","","2.0","","1.8","","19","","","","",""
"-75.72","45.38","OTTAWA CDA","6105976","2021-02-03","2021","02","03","†","2.5","","-4.5","","-1.0","","19.0","","0.0","","0.0","","0.0","","0.0","","20","","","","",""
"-75.72","45.38","OTTAWA CDA","6105976","2021-02-04","2021","02","04","†","2.0","","-8.5","","-3.3","","21.3","","0.0","","0.0","","1.0","","1.0","","20","","","","",""
"-75.72","45.38","OTTAWA CDA","6105976","2021-02-05","2021","02","05","†","2.0","","-11.0","","-4.5","","22.5","","0.0","","0.0","","2.0","","1.8","","19","","","","",""
"-75.72","45.38","OTTAWA CDA","6105976","2021-02-06","2021","02","06","†","-4.0","","-11.0","","-7.5","","25.5","","0.0","","0.0","","0.0","","0.0","","18","","","","",""
"-75.72","45.38","OTTAWA CDA","6105976","2021-02-07","2021","02","07","†","-4.0","","-12.0","","-8.0","","26.0","","0.0","","0.0","","4.0","","2.8","","19","","","","",""
"-75.72","45.38","OTTAWA CDA","6105976","2021-02-08","2021","02","08","†","-6.0","","-20.5","","-13.3","","31.3","","0.0","","0.0","","1.0","","0.6","","20","","","","",""
"-75.72","45.38","OTTAWA CDA","6105976","2021-02-09","2021","02","09","†","-4.0","","-15.0","","-9.5","","27.5","","0.0","","0.0","","1.0","","0.6","","20","","","","",""
"-75.72","45.38","OTTAWA CDA","6105976","2021-02-10","2021","02","10","†","-6.0","","-14.5","","-10.3","","28.3","","0.0","","0.0","","0.0","","0.0","","20","","","","",""
"-75.72","45.38","OTTAWA CDA","6105976","2021-02-11","2021","02","11","†","-8.0","","-20.0","","-14.0","","32.0","","0.0","","0.0","","0.0","","0.0","","20","","","","",""
"-75.72","45.38","OTTAWA CDA","6105976","2021-02-12","2021","02","12","","","","","","","","","","","","","","","","","","","","","","",""
"-75.72","45.38","OTTAWA CDA","6105976","2021-02-13","2021","02","13","","","","","","","","","","","","","","","","","","","","","","",""
"-75.72","45.38","OTTAWA CDA","6105976","2021-02-14","2021","02","14","","","","","","","","","","","","","","","","","","","","","","",""
"-75.72","45.38","OTTAWA CDA","6105976","2021-02-15","2021","02","15","","","","","","","","","","","","","","","","","","","","","","",""
"-75.72","45.38","OTTAWA CDA","6105976","2021-02-16","2021","02","16","","","","","","","","","","","","","","","","","","","","","","",""
"-75.72","45.38","OTTAWA CDA","6105976","2021-02-17","2021","02","17","","","","","","","","","","","","","","","","","","","","","","",""
"-75.72","45.38","OTTAWA CDA","6105976","2021-02-18","2021","02","18","","","","","","","","","","","","","","","","","","","","","","",""
"-75.72","45.38","OTTAWA CDA","6105976","2021-02-19","2021","02","19","","","","","","","","","","","","","","","","","","","","","","",""
"-75.72","45.38","OTTAWA CDA","6105976","2021-02-20","2021","02","20","","","","","","","","","","","","","","","","","","","","","","",""
"-75.72","45.38","OTTAWA CDA","6105976","2021-02-21","2021","02","21","","","","","","","","","","","","","","","","","","","","","","",""
"-75.72","45.38","OTTAWA CDA","6105976","2021-02-22","2021","02","22","","","","","","","","","","","","","","","","","","","","","","",""
"-75.72","45.38","OTTAWA CDA","6105976","2021-02-23","2021","02","23","","","","","","","","","","","","","","","","","","","","","","",""
"-75.72","45.38","OTTAWA CDA","6105976","2021-02-24","2021","02","24","","","","","","","","","","","","","","","","","","","","","","",""
"-75.72","45.38","OTTAWA CDA","6105976","2021-02-25","2021","02","25","","","","","","","","","","","","","","","","","","","","","","",""
"-75.72","45.38","OTTAWA CDA","6105976","2021-02-26","2021","02","26","","","","","","","","","","","","","","","","","","","","","","",""
"-75.72","45.38","OTTAWA CDA","6105976","2021-02-27","2021","02","27","","","","","","","","","","","","","","","","","","","","","","",""
"-75.72","45.38","OTTAWA CDA","6105976","2021-02-28","2021","02","28","","","","","","","","","","","","","","","","","","","","","","",""
"-75.72","45.38","OTTAWA CDA","6105976","2021-03-01","2021","03","01","","","","","","","","","","","","","","","","","","","","","","",""
"-75.72","45.38","OTTAWA CDA","6105976","2021-03-02","2021","03","02","","","","","","","","","","","","","","","","","","","","","","",""
"-75.72","45.38","OTTAWA CDA","6105976","2021-03-03","2021","03","03","","","","","","","","","","","","","","","","","","","","","","",""
"-75.72","45.38","OTTAWA CDA","6105976","2021-03-04","2021","03","04","","","","","","","","","","","","","","","","","","","","","","",""
"-75.72","45.38","OTTAWA CDA","6105976","2021-03-05","2021","03","05","","","","","","","","","","","","","","","","","","","","","","",""
"-75.72","45.38","OTTAWA CDA","6105976","2021-03-06","2021","03","06","","","","","","","","","","","","","","","","","","","","","","",""
"-75.72","45.38","OTTAWA CDA","6105976","2021-03-07","2021","03","07","","","","","","","","","","","","","","","","","","","","","","",""
"-75.72","45.38","OTTAWA CDA","6105976","2021-03-08","2021","03","08","","","","","","","","","","","","","","","","","","","","","","",""
"-75.72","45.38","OTTAWA CDA","6105976","2021-03-09","2021","03","09","","","","","","","","","","","","","","","","","","","","","","",""
"-75.72","45.38","OTTAWA CDA","6105976","2021-03-10","2021","03","10","","","","","","","","","","","","","","","","","","","","","","",""
"-75.72","45.38","OTTAWA CDA","6105976","2021-03-11","2021","03","11","","","","","","","","","","","","","","","","","","","","","","",""
"-75.72","45.38","OTTAWA CDA","6105976","2021-03-12","2021","03","12","","","","","","","","","","","","","","","","","","","","","","",""
"-75.72","45.38","OTTAWA CDA","6105976","2021-03-13","2021","03","13","","","","","","","","","","","","","","","","","","","","","","",""
"-75.72","45.38","OTTAWA CDA","6105976","2021-03-14","2021","03","14","","","","","","","","","","","","","","","","","","","","","","",""
"-75.72","45.38","OTTAWA CDA","6105976","2021-03-15","2021","03","15","","","","","","","","","","","","","","","","","","","","","","",""
"-75.72","45.38","OTTAWA CDA","6105976","2021-03-16","2021","03","16","","","","","","","","","","","","","","","","","","","","","","",""
"-75.72","45.38","OTTAWA CDA","6105976","2021-03-17","2021","03","17","","","","","","","","","","","","","","","","","","","","","","",""
"-75.72","45.38","OTTAWA CDA","6105976","2021-03-18","2021","03","18","","","","","","","","","","","","","","","","","","","","","","",""
"-75.72","45.38","OTTAWA CDA","6105976","2021-03-19","2021","03","19","","","","","","","","","","","","","","","","","","","","","","",""
"-75.72","45.38","OTTAWA CDA","6105976","2021-03-20","2021","03","20","","","","","","","","","","","","","","","","","","","","","","",""
"-75.72","45.38","OTTAWA CDA","6105976","2021-03-21","2021","03","21","","","","","","","","","","","","","","","","","","","","","","",""
"-75.72","45.38","OTTAWA CDA","6105976","2021-03-22","2021","03","22","","","","","","","","","","","","","","","","","","","","","","",""
"-75.72","45.38","OTTAWA CDA","6105976","2021-03-23","2021","03","23","","","","","","","","","","","","","","","","","","","","","","",""
"-75.72","45.38","OTTAWA CDA","6105976","2021-03-24","2021","03","24","","","","","","","","","","","","","","","","","","","","","","",""
"-75.72","45.38","OTTAWA CDA","6105976","2021-03-25","2021","03","25","","","","","","","","","","","","","","","","","","","","","","",""
"-75.72","45.38","OTTAWA CDA","6105976","2021-03-26","2021","03","26","","","","","","","","","","","","","","","","","","","","","","",""
"-75.72","45.38","OTTAWA CDA","6105976","2021-03-27","2021","03","27","","","","","","","","","","","","","","","","","","","","","","",""
"-75.72","45.38","OTTAWA CDA","6105976","2021-03-28","2021","03","28","","","","","","","","","","","","","","","","","","","","","","",""
"-75.72","45.38","OTTAWA CDA","6105976","2021-03-29","2021","03","29","","","","","","","","","","","","","","","","","","","","","","",""
"-75.72","45.38","OTTAWA CDA","6105976","2021-03-30","2021","03","30","","","","","","","","","","","","","","","","","","","","","","",""
"-75.72","45.38","OTTAWA CDA","6105976","2021-03-31","2021","03","31","","","","","","","","","","","","","","","","","","","","","","",""
"-75.72","45.38","OTTAWA CDA","6105976","2021-04-01","2021","04","01","","","","","","","","","","","","","","","","","","","","","","",""
"-75.72","45.38","OTTAWA CDA","6105976","2021-04-02","2021","04","02","","","","","","","","","","","","","","","","","","","","","","",""
"-75.72","45.38","OTTAWA CDA","6105976","2021-04-03","2021","04","03","","","","","","","","","","","","","","","","","","","","","","",""
"-75.72","45.38","OTTAWA CDA","6105976","2021-04-04","2021","04","04","","","","","","","","","","","","","","","","","","","","","","",""
"-75.72","45.38","OTTAWA CDA","6105976","2021-04-05","2021","04","05","","","","","","","","","","","","","","","","","","","","","","",""
"-75.72","45.38","OTTAWA CDA","6105976","2021-04-06","2021","04","06","","","","","","","","","","","","","","","","","","","","","","",""
"-75.72","45.38","OTTAWA CDA","6105976","2021-04-07","2021","04","07","","","","","","","","","","","","","","","","","","","","","","",""
"-75.72","45.38","OTTAWA CDA","6105976","2021-04-08","2021","04","08","","","","","","","","","","","","","","","","","","","","","","",""
"-75.72","45.38","OTTAWA CDA","6105976","2021-04-09","2021","04","09","","","","","","","","","","","","","","","","","","","","","","",""
"-75.72","45.38","OTTAWA CDA","6105976","2021-04-10","2021","04","10","","","","","","","","","","","","","","","","","","","","","","",""
"-75.72","45.38","OTTAWA CDA","6105976","2021-04-11","2021","04","11","","","","","","","","","","","","","","","","","","","","","","",""
"-75.72","45.38","OTTAWA CDA","6105976","2021-04-12","2021","04","12","","","","","","","","","","","","","","","","","","","","","","",""
"-75.72","45.38","OTTAWA CDA","6105976","2021-04-13","2021","04","13","","","","","","","","","","","","","","","","","","","","","","",""
"-75.72","45.38","OTTAWA CDA","6105976","2021-04-14","2021","04","14","","","","","","","","","","","","","","","","","","","","","","",""
"-75.72","45.38","OTTAWA CDA","6105976","2021-04-15","2021","04","15","","","","","","","","","","","","","","","","","","","","","","",""
"-75.72","45.38","OTTAWA CDA","6105976","2021-04-16","2021","04","16","","","","","","","","","","","","","","","","","","","","","","",""
"-75.72","45.38","OTTAWA CDA","6105976","2021-04-17","2021","04","17","","","","","","","","","","","","","","","","","","","","","","",""
"-75.72","45.38","OTTAWA CDA","6105976","2021-04-18","2021","04","18","","","","","","","","","","","","","","","","","","","","","","",""
"-75.72","45.38","OTTAWA CDA","6105976","2021-04-19","2021","04","19","","","","","","","","","","","","","","","","","","","","","","",""
"-75.72","45.38","OTTAWA CDA","6105976","2021-04-20","2021","04","20","","","","","","","","","","","","","","","","","","","","","","",""
"-75.72","45.38","OTTAWA CDA","6105976","2021-04-21","2021","04","21","","","","","","","","","","","","","","","","","","","","","","",""
"-75.72","45.38","OTTAWA CDA","6105976","2021-04-22","2021","04","22","","","","","","","","","","","","","","","","","","","","","","",""
"-75.72","45.38","OTTAWA CDA","6105976","2021-04-23","2021","04","23","","","","","","","","","","","","","","","","","","","","","","",""
"-75.72","45.38","OTTAWA CDA","6105976","2021-04-24","2021","04","24","","","","","","","","","","","","","","","","","","","","","","",""
"-75.72","45.38","OTTAWA CDA","6105976","2021-04-25","2021","04","25","","","","","","","","","","","","","","","","","","","","","","",""
"-75.72","45.38","OTTAWA CDA","6105976","2021-04-26","2021","04","26","","","","","","","","","","","","","","","","","","","","","","",""
"-75.72","45.38","OTTAWA CDA","6105976","2021-04-27","2021","04","27","","","","","","","","","","","","","","","","","","","","","","",""
"-75.72","45.38","OTTAWA CDA","6105976","2021-04-28","2021","04","28","","","","","","","","","","","","","","","","","","","","","","",""
"-75.72","45.38","OTTAWA CDA","6105976","2021-04-29","2021","04","29","","","","","","","","","","","","","","","","","","","","","","",""
"-75.72","45.38","OTTAWA CDA","6105976","2021-04-30","2021","04","30","","","","","","","","","","","","","","","","","","","","","","",""
"-75.72","45.38","OTTAWA CDA","6105976","2021-05-01","2021","05","01","","","","","","","","","","","","","","","","","","","","","","",""
"-75.72","45.38","OTTAWA CDA","6105976","2021-05-02","2021","05","02","","","","","","","","","","","","","","","","","","","","","","",""
"-75.72","45.38","OTTAWA CDA","6105976","2021-05-03","2021","05","03","","","","","","","","","","","","","","","","","","","","","","",""
"-75.72","45.38","OTTAWA CDA","6105976","2021-05-04","2021","05","04","","","","","","","","","","","","","","","","","","","","","","",""
"-75.72","45.38","OTTAWA CDA","6105976","2021-05-05","2021","05","05","","","","","","","","","","","","","","","","","","","","","","",""
"-75.72","45.38","OTTAWA CDA","6105976","2021-05-06","2021","05","06","","","","","","","","","","","","","","","","","","","","","","",""
"-75.72","45.38","OTTAWA CDA","6105976","2021-05-07","2021","05","07","","","","","","","","","","","","","","","","","","","","","","",""
"-75.72","45.38","OTTAWA CDA","6105976","2021-05-08","2021","05","08","","","","","","","","","","","","","","","","","","","","","","",""
"-75.72","45.38","OTTAWA CDA","6105976","2021-05-09","2021","05","09","","","","","","","","","","","","","","","","","","","","","","",""
"-75.72","45.38","OTTAWA CDA","6105976","2021-05-10","2021","05","10","","","","","","","","","","","","","","","","","","","","","","",""
"-75.72","45.38","OTTAWA CDA","6105976","2021-05-11","2021","05","11","","","","","","","","","","","","","","","","","","","","","","",""
"-75.72","45.38","OTTAWA CDA","6105976","2021-05-12","2021","05","12","","","","","","","","","","","","","","","","","","","","","","",""
"-75.72","45.38","OTTAWA CDA","6105976","2021-05-13","2021","05","13","","","","","","","","","","","","","","","","","","","","","","",""
"-75.72","45.38","OTTAWA CDA","6105976","2021-05-14","2021","05","14","","","","","","","","","","","","","","","","","","","","","","",""
"-75.72","45.38","OTTAWA CDA","6105976","2021-05-15","2021","05","15","","","","","","","","","","","","","","","","","","","","","","",""
"-75.72","45.38","OTTAWA CDA","6105976","2021-05-16","2021","05","16","","","","","","","","","","","","","","","","","","","","","","",""
"-75.72","45.38","OTTAWA CDA","6105976","2021-05-17","2021","05","17","","","","","","","","","","","","","","","","","","","","","","",""
"-75.72","45.38","OTTAWA CDA","6105976","2021-05-18","2021","05","18","","","","","","","","","","","","","","","","","","","","","","",""
"-75.72","45.38","OTTAWA CDA","6105976","2021-05-19","2021","05","19","","","","","","","","","","","","","","","","","","","","","","",""
"-75.72","45.38","OTTAWA CDA","6105976","2021-05-20","2021","05","20","","","","","","","","","","","","","","","","","","","","","","",""
"-75.72","45.38","OTTAWA CDA","6105976","2021-05-21","2021","05","21","","","","","","","","","","","","","","","","","","","","","","",""
"-75.72","45.38","OTTAWA CDA","6105976","2021-05-22","2021","05","22","","","","","","","","","","","","","","","","","","","","","","",""
"-75.72","45.38","OTTAWA CDA","6105976","2021-05-23","2021","05","23","","","","","","","","","","","","","","","","","","","","","","",""
"-75.72","45.38","OTTAWA CDA","6105976","2021-05-24","2021","05","24","","","","","","","","","","","","","","","","","","","","","","",""
"-75.72","45.38","OTTAWA CDA","6105976","2021-05-25","2021","05","25","","","","","","","","","","","","","","","","","","","","","","",""
"-75.72","45.38","OTTAWA CDA","6105976","2021-05-26","2021","05","26","","","","","","","","","","","","","","","","","","","","","","",""
"-75.72","45.38","OTTAWA CDA","6105976","2021-05-27","2021","05","27","","","","","","","","","","","","","","","","","","","","","","",""
"-75.72","45.38","OTTAWA CDA","6105976","2021-05-28","2021","05","28","","","","","","","","","","","","","","","","","","","","","","",""
"-75.72","45.38","OTTAWA CDA","6105976","2021-05-29","2021","05","29","","","","","","","","","","","","","","","","","","","","","","",""
"-75.72","45.38","OTTAWA CDA","6105976","2021-05-30","2021","05","30","","","","","","","","","","","","","","","","","","","","","","",""
"-75.72","45.38","OTTAWA CDA","6105976","2021-05-31","2021","05","31","","","","","","","","","","","","","","","","","","","","","","",""
"-75.72","45.38","OTTAWA CDA","6105976","2021-06-01","2021","06","01","","","","","","","","","","","","","","","","","","","","","","",""
"-75.72","45.38","OTTAWA CDA","6105976","2021-06-02","2021","06","02","","","","","","","","","","","","","","","","","","","","","","",""
"-75.72","45.38","OTTAWA CDA","6105976","2021-06-03","2021","06","03","","","","","","","","","","","","","","","","","","","","","","",""
"-75.72","45.38","OTTAWA CDA","6105976","2021-06-04","2021","06","04","","","","","","","","","","","","","","","","","","","","","","",""
"-75.72","45.38","OTTAWA CDA","6105976","2021-06-05","2021","06","05","","","","","","","","","","","","","","","","","","","","","","",""
"-75.72","45.38","OTTAWA CDA","6105976","2021-06-06","2021","06","06","","","","","","","","","","","","","","","","","","","","","","",""
"-75.72","45.38","OTTAWA CDA","6105976","2021-06-07","2021","06","07","","","","","","","","","","","","","","","","","","","","","","",""
"-75.72","45.38","OTTAWA CDA","6105976","2021-06-08","2021","06","08","","","","","","","","","","","","","","","","","","","","","","",""
"-75.72","45.38","OTTAWA CDA","6105976","2021-06-09","2021","06","09","","","","","","","","","","","","","","","","","","","","","","",""
"-75.72","45.38","OTTAWA CDA","6105976","2021-06-10","2021","06","10","","","","","","","","","","","","","","","","","","","","","","",""
"-75.72","45.38","OTTAWA CDA","6105976","2021-06-11","2021","06","11","","","","","","","","","","","","","","","","","","","","","","",""
"-75.72","45.38","OTTAWA CDA","6105976","2021-06-12","2021","06","12","","","","","","","","","","","","","","","","","","","","","","",""
"-75.72","45.38","OTTAWA CDA","6105976","2021-06-13","2021","06","13","","","","","","","","","","","","","","","","","","","","","","",""
"-75.72","45.38","OTTAWA CDA","6105976","2021-06-14","2021","06","14","","","","","","","","","","","","","","","","","","","","","","",""
"-75.72","45.38","OTTAWA CDA","6105976","2021-06-15","2021","06","15","","","","","","","","","","","","","","","","","","","","","","",""
"-75.72","45.38","OTTAWA CDA","6105976","2021-06-16","2021","06","16","","","","","","","","","","","","","","","","","","","","","","",""
"-75.72","45.38","OTTAWA CDA","6105976","2021-06-17","2021","06","17","","","","","","","","","","","","","","","","","","","","","","",""
"-75.72","45.38","OTTAWA CDA","6105976","2021-06-18","2021","06","18","","","","","","","","","","","","","","","","","","","","","","",""
"-75.72","45.38","OTTAWA CDA","6105976","2021-06-19","2021","06","19","","","","","","","","","","","","","","","","","","","","","","",""
"-75.72","45.38","OTTAWA CDA","6105976","2021-06-20","2021","06","20","","","","","","","","","","","","","","","","","","","","","","",""
"-75.72","45.38","OTTAWA CDA","6105976","2021-06-21","2021","06","21","","","","","","","","","","","","","","","","","","","","","","",""
"-75.72","45.38","OTTAWA CDA","6105976","2021-06-22","2021","06","22","","","","","","","","","","","","","","","","","","","","","","",""
"-75.72","45.38","OTTAWA CDA","6105976","2021-06-23","2021","06","23","","","","","","","","","","","","","","","","","","","","","","",""
"-75.72","45.38","OTTAWA CDA","6105976","2021-06-24","2021","06","24","","","","","","","","","","","","","","","","","","","","","","",""
"-75.72","45.38","OTTAWA CDA","6105976","2021-06-25","2021","06","25","","","","","","","","","","","","","","","","","","","","","","",""
"-75.72","45.38","OTTAWA CDA","6105976","2021-06-26","2021","06","26","","","","","","","","","","","","","","","","","","","","","","",""
"-75.72","45.38","OTTAWA CDA","6105976","2021-06-27","2021","06","27","","","","","","","","","","","","","","","","","","","","","","",""
"-75.72","45.38","OTTAWA CDA","6105976","2021-06-28","2021","06","28","","","","","","","","","","","","","","","","","","","","","","",""
"-75.72","45.38","OTTAWA CDA","6105976","2021-06-29","2021","06","29","","","","","","","","","","","","","","","","","","","","","","",""
"-75.72","45.38","OTTAWA CDA","6105976","2021-06-30","2021","06","30","","","","","","","","","","","","","","","","","","","","","","",""
"-75.72","45.38","OTTAWA CDA","6105976","2021-07-01","2021","07","01","","","","","","","","","","","","","","","","","","","","","","",""
"-75.72","45.38","OTTAWA CDA","6105976","2021-07-02","2021","07","02","","","","","","","","","","","","","","","","","","","","","","",""
"-75.72","45.38","OTTAWA CDA","6105976","2021-07-03","2021","07","03","","","","","","","","","","","","","","","","","","","","","","",""
"-75.72","45.38","OTTAWA CDA","6105976","2021-07-04","2021","07","04","","","","","","","","","","","","","","","","","","","","","","",""
"-75.72","45.38","OTTAWA CDA","6105976","2021-07-05","2021","07","05","","","","","","","","","","","","","","","","","","","","","","",""
"-75.72","45.38","OTTAWA CDA","6105976","2021-07-06","2021","07","06","","","","","","","","","","","","","","","","","","","","","","",""
"-75.72","45.38","OTTAWA CDA","6105976","2021-07-07","2021","07","07","","","","","","","","","","","","","","","","","","","","","","",""
"-75.72","45.38","OTTAWA CDA","6105976","2021-07-08","2021","07","08","","","","","","","","","","","","","","","","","","","","","","",""
"-75.72","45.38","OTTAWA CDA","6105976","2021-07-09","2021","07","09","","","","","","","","","","","","","","","","","","","","","","",""
"-75.72","45.38","OTTAWA CDA","6105976","2021-07-10","2021","07","10","","","","","","","","","","","","","","","","","","","","","","",""
"-75.72","45.38","OTTAWA CDA","6105976","2021-07-11","2021","07","11","","","","","","","","","","","","","","","","","","","","","","",""
"-75.72","45.38","OTTAWA CDA","6105976","2021-07-12","2021","07","12","","","","","","","","","","","","","","","","","","","","","","",""
"-75.72","45.38","OTTAWA CDA","6105976","2021-07-13","2021","07","13","","","","","","","","","","","","","","","","","","","","","","",""
"-75.72","45.38","OTTAWA CDA","6105976","2021-07-14","2021","07","14","","","","","","","","","","","","","","","","","","","","","","",""
"-75.72","45.38","OTTAWA CDA","6105976","2021-07-15","2021","07","15","","","","","","","","","","","","","","","","","","","","","","",""
"-75.72","45.38","OTTAWA CDA","6105976","2021-07-16","2021","07","16","","","","","","","","","","","","","","","","","","","","","","",""
"-75.72","45.38","OTTAWA CDA","6105976","2021-07-17","2021","07","17","","","","","","","","","","","","","","","","","","","","","","",""
"-75.72","45.38","OTTAWA CDA","6105976","2021-07-18","2021","07","18","","","","","","","","","","","","","","","","","","","","","","",""
"-75.72","45.38","OTTAWA CDA","6105976","2021-07-19","2021","07","19","","","","","","","","","","","","","","","","","","","","","","",""
"-75.72","45.38","OTTAWA CDA","6105976","2021-07-20","2021","07","20","","","","","","","","","","","","","","","","","","","","","","",""
"-75.72","45.38","OTTAWA CDA","6105976","2021-07-21","2021","07","21","","","","","","","","","","","","","","","","","","","","","","",""
"-75.72","45.38","OTTAWA CDA","6105976","2021-07-22","2021","07","22","","","","","","","","","","","","","","","","","","","","","","",""
"-75.72","45.38","OTTAWA CDA","6105976","2021-07-23","2021","07","23","","","","","","","","","","","","","","","","","","","","","","",""
"-75.72","45.38","OTTAWA CDA","6105976","2021-07-24","2021","07","24","","","","","","","","","","","","","","","","","","","","","","",""
"-75.72","45.38","OTTAWA CDA","6105976","2021-07-25","2021","07","25","","","","","","","","","","","","","","","","","","","","","","",""
"-75.72","45.38","OTTAWA CDA","6105976","2021-07-26","2021","07","26","","","","","","","","","","","","","","","","","","","","","","",""
"-75.72","45.38","OTTAWA CDA","6105976","2021-07-27","2021","07","27","","","","","","","","","","","","","","","","","","","","","","",""
"-75.72","45.38","OTTAWA CDA","6105976","2021-07-28","2021","07","28","","","","","","","","","","","","","","","","","","","","","","",""
"-75.72","45.38","OTTAWA CDA","6105976","2021-07-29","2021","07","29","","","","","","","","","","","","","","","","","","","","","","",""
"-75.72","45.38","OTTAWA CDA","6105976","2021-07-30","2021","07","30","","","","","","","","","","","","","","","","","","","","","","",""
"-75.72","45.38","OTTAWA CDA","6105976","2021-07-31","2021","07","31","","","","","","","","","","","","","","","","","","","","","","",""
"-75.72","45.38","OTTAWA CDA","6105976","2021-08-01","2021","08","01","","","","","","","","","","","","","","","","","","","","","","",""
"-75.72","45.38","OTTAWA CDA","6105976","2021-08-02","2021","08","02","","","","","","","","","","","","","","","","","","","","","","",""
"-75.72","45.38","OTTAWA CDA","6105976","2021-08-03","2021","08","03","","","","","","","","","","","","","","","","","","","","","","",""
"-75.72","45.38","OTTAWA CDA","6105976","2021-08-04","2021","08","04","","","","","","","","","","","","","","","","","","","","","","",""
"-75.72","45.38","OTTAWA CDA","6105976","2021-08-05","2021","08","05","","","","","","","","","","","","","","","","","","","","","","",""
"-75.72","45.38","OTTAWA CDA","6105976","2021-08-06","2021","08","06","","","","","","","","","","","","","","","","","","","","","","",""
"-75.72","45.38","OTTAWA CDA","6105976","2021-08-07","2021","08","07","","","","","","","","","","","","","","","","","","","","","","",""
"-75.72","45.38","OTTAWA CDA","6105976","2021-08-08","2021","08","08","","","","","","","","","","","","","","","","","","","","","","",""
"-75.72","45.38","OTTAWA CDA","6105976","2021-08-09","2021","08","09","","","","","","","","","","","","","","","","","","","","","","",""
"-75.72","45.38","OTTAWA CDA","6105976","2021-08-10","2021","08","10","","","","","","","","","","","","","","","","","","","","","","",""
"-75.72","45.38","OTTAWA CDA","6105976","2021-08-11","2021","08","11","","","","","","","","","","","","","","","","","","","","","","",""
"-75.72","45.38","OTTAWA CDA","6105976","2021-08-12","2021","08","12","","","","","","","","","","","","","","","","","","","","","","",""
"-75.72","45.38","OTTAWA CDA","6105976","2021-08-13","2021","08","13","","","","","","","","","","","","","","","","","","","","","","",""
"-75.72","45.38","OTTAWA CDA","6105976","2021-08-14","2021","08","14","","","","","","","","","","","","","","","","","","","","","","",""
"-75.72","45.38","OTTAWA CDA","6105976","2021-08-15","2021","08","15","","","","","","","","","","","","","","","","","","","","","","",""
"-75.72","45.38","OTTAWA CDA","6105976","2021-08-16","2021","08","16","","","","","","","","","","","","","","","","","","","","","","",""
"-75.72","45.38","OTTAWA CDA","6105976","2021-08-17","2021","08","17","","","","","","","","","","","","","","","","","","","","","","",""
"-75.72","45.38","OTTAWA CDA","6105976","2021-08-18","2021","08","18","","","","","","","","","","","","","","","","","","","","","","",""
"-75.72","45.38","OTTAWA CDA","6105976","2021-08-19","2021","08","19","","","","","","","","","","","","","","","","","","","","","","",""
"-75.72","45.38","OTTAWA CDA","6105976","2021-08-20","2021","08","20","","","","","","","","","","","","","","","","","","","","","","",""
"-75.72","45.38","OTTAWA CDA","6105976","2021-08-21","2021","08","21","","","","","","","","","","","","","","","","","","","","","","",""
"-75.72","45.38","OTTAWA CDA","6105976","2021-08-22","2021","08","22","","","","","","","","","","","","","","","","","","","","","","",""
"-75.72","45.38","OTTAWA CDA","6105976","2021-08-23","2021","08","23","","","","","","","","","","","","","","","","","","","","","","",""
"-75.72","45.38","OTTAWA CDA","6105976","2021-08-24","2021","08","24","","","","","","","","","","","","","","","","","","","","","","",""
"-75.72","45.38","OTTAWA CDA","6105976","2021-08-25","2021","08","25","","","","","","","","","","","","","","","","","","","","","","",""
"-75.72","45.38","OTTAWA CDA","6105976","2021-08-26","2021","08","26","","","","","","","","","","","","","","","","","","","","","","",""
"-75.72","45.38","OTTAWA CDA","6105976","2021-08-27","2021","08","27","","","","","","","","","","","","","","","","","","","","","","",""
"-75.72","45.38","OTTAWA CDA","6105976","2021-08-28","2021","08","28","","","","","","","","","","","","","","","","","","","","","","",""
"-75.72","45.38","OTTAWA CDA","6105976","2021-08-29","2021","08","29","","","","","","","","","","","","","","","","","","","","","","",""
"-75.72","45.38","OTTAWA CDA","6105976","2021-08-30","2021","08","30","","","","","","","","","","","","","","","","","","","","","","",""
"-75.72","45.38","OTTAWA CDA","6105976","2021-08-31","2021","08","31","","","","","","","","","","","","","","","","","","","","","","",""
"-75.72","45.38","OTTAWA CDA","6105976","2021-09-01","2021","09","01","","","","","","","","","","","","","","","","","","","","","","",""
"-75.72","45.38","OTTAWA CDA","6105976","2021-09-02","2021","09","02","","","","","","","","","","","","","","","","","","","","","","",""
"-75.72","45.38","OTTAWA CDA","6105976","2021-09-03","2021","09","03","","","","","","","","","","","","","","","","","","","","","","",""
"-75.72","45.38","OTTAWA CDA","6105976","2021-09-04","2021","09","04","","","","","","","","","","","","","","","","","","","","","","",""
"-75.72","45.38","OTTAWA CDA","6105976","2021-09-05","2021","09","05","","","","","","","","","","","","","","","","","","","","","","",""
"-75.72","45.38","OTTAWA CDA","6105976","2021-09-06","2021","09","06","","","","","","","","","","","","","","","","","","","","","","",""
"-75.72","45.38","OTTAWA CDA","6105976","2021-09-07","2021","09","07","","","","","","","","","","","","","","","","","","","","","","",""
"-75.72","45.38","OTTAWA CDA","6105976","2021-09-08","2021","09","08","","","","","","","","","","","","","","","","","","","","","","",""
"-75.72","45.38","OTTAWA CDA","6105976","2021-09-09","2021","09","09","","","","","","","","","","","","","","","","","","","","","","",""
"-75.72","45.38","OTTAWA CDA","6105976","2021-09-10","2021","09","10","","","","","","","","","","","","","","","","","","","","","","",""
"-75.72","45.38","OTTAWA CDA","6105976","2021-09-11","2021","09","11","","","","","","","","","","","","","","","","","","","","","","",""
"-75.72","45.38","OTTAWA CDA","6105976","2021-09-12","2021","09","12","","","","","","","","","","","","","","","","","","","","","","",""
"-75.72","45.38","OTTAWA CDA","6105976","2021-09-13","2021","09","13","","","","","","","","","","","","","","","","","","","","","","",""
"-75.72","45.38","OTTAWA CDA","6105976","2021-09-14","2021","09","14","","","","","","","","","","","","","","","","","","","","","","",""
"-75.72","45.38","OTTAWA CDA","6105976","2021-09-15","2021","09","15","","","","","","","","","","","","","","","","","","","","","","",""
"-75.72","45.38","OTTAWA CDA","6105976","2021-09-16","2021","09","16","","","","","","","","","","","","","","","","","","","","","","",""
"-75.72","45.38","OTTAWA CDA","6105976","2021-09-17","2021","09","17","","","","","","","","","","","","","","","","","","","","","","",""
"-75.72","45.38","OTTAWA CDA","6105976","2021-09-18","2021","09","18","","","","","","","","","","","","","","","","","","","","","","",""
"-75.72","45.38","OTTAWA CDA","6105976","2021-09-19","2021","09","19","","","","","","","","","","","","","","","","","","","","","","",""
"-75.72","45.38","OTTAWA CDA","6105976","2021-09-20","2021","09","20","","","","","","","","","","","","","","","","","","","","","","",""
"-75.72","45.38","OTTAWA CDA","6105976","2021-09-21","2021","09","21","","","","","","","","","","","","","","","","","","","","","","",""
"-75.72","45.38","OTTAWA CDA","6105976","2021-09-22","2021","09","22","","","","","","","","","","","","","","","","","","","","","","",""
"-75.72","45.38","OTTAWA CDA","6105976","2021-09-23","2021","09","23","","","","","","","","","","","","","","","","","","","","","","",""
"-75.72","45.38","OTTAWA CDA","6105976","2021-09-24","2021","09","24","","","","","","","","","","","","","","","","","","","","","","",""
"-75.72","45.38","OTTAWA CDA","6105976","2021-09-25","2021","09","25","","","","","","","","","","","","","","","","","","","","","","",""
"-75.72","45.38","OTTAWA CDA","6105976","2021-09-26","2021","09","26","","","","","","","","","","","","","","","","","","","","","","",""
"-75.72","45.38","OTTAWA CDA","6105976","2021-09-27","2021","09","27","","","","","","","","","","","","","","","","","","","","","","",""
"-75.72","45.38","OTTAWA CDA","6105976","2021-09-28","2021","09","28","","","","","","","","","","","","","","","","","","","","","","",""
"-75.72","45.38","OTTAWA CDA","6105976","2021-09-29","2021","09","29","","","","","","","","","","","","","","","","","","","","","","",""
"-75.72","45.38","OTTAWA CDA","6105976","2021-09-30","2021","09","30","","","","","","","","","","","","","","","","","","","","","","",""
"-75.72","45.38","OTTAWA CDA","6105976","2021-10-01","2021","10","01","","","","","","","","","","","","","","","","","","","","","","",""
"-75.72","45.38","OTTAWA CDA","6105976","2021-10-02","2021","10","02","","","","","","","","","","","","","","","","","","","","","","",""
"-75.72","45.38","OTTAWA CDA","6105976","2021-10-03","2021","10","03","","","","","","","","","","","","","","","","","","","","","","",""
"-75.72","45.38","OTTAWA CDA","6105976","2021-10-04","2021","10","04","","","","","","","","","","","","","","","","","","","","","","",""
"-75.72","45.38","OTTAWA CDA","6105976","2021-10-05","2021","10","05","","","","","","","","","","","","","","","","","","","","","","",""
"-75.72","45.38","OTTAWA CDA","6105976","2021-10-06","2021","10","06","","","","","","","","","","","","","","","","","","","","","","",""
"-75.72","45.38","OTTAWA CDA","6105976","2021-10-07","2021","10","07","","","","","","","","","","","","","","","","","","","","","","",""
"-75.72","45.38","OTTAWA CDA","6105976","2021-10-08","2021","10","08","","","","","","","","","","","","","","","","","","","","","","",""
"-75.72","45.38","OTTAWA CDA","6105976","2021-10-09","2021","10","09","","","","","","","","","","","","","","","","","","","","","","",""
"-75.72","45.38","OTTAWA CDA","6105976","2021-10-10","2021","10","10","","","","","","","","","","","","","","","","","","","","","","",""
"-75.72","45.38","OTTAWA CDA","6105976","2021-10-11","2021","10","11","","","","","","","","","","","","","","","","","","","","","","",""
"-75.72","45.38","OTTAWA CDA","6105976","2021-10-12","2021","10","12","","","","","","","","","","","","","","","","","","","","","","",""
"-75.72","45.38","OTTAWA CDA","6105976","2021-10-13","2021","10","13","","","","","","","","","","","","","","","","","","","","","","",""
"-75.72","45.38","OTTAWA CDA","6105976","2021-10-14","2021","10","14","","","","","","","","","","","","","","","","","","","","","","",""
"-75.72","45.38","OTTAWA CDA","6105976","2021-10-15","2021","10","15","","","","","","","","","","","","","","","","","","","","","","",""
"-75.72","45.38","OTTAWA CDA","6105976","2021-10-16","2021","10","16","","","","","","","","","","","","","","","","","","","","","","",""
"-75.72","45.38","OTTAWA CDA","6105976","2021-10-17","2021","10","17","","","","","","","","","","","","","","","","","","","","","","",""
"-75.72","45.38","OTTAWA CDA","6105976","2021-10-18","2021","10","18","","","","","","","","","","","","","","","","","","","","","","",""
"-75.72","45.38","OTTAWA CDA","6105976","2021-10-19","2021","10","19","","","","","","","","","","","","","","","","","","","","","","",""
"-75.72","45.38","OTTAWA CDA","6105976","2021-10-20","2021","10","20","","","","","","","","","","","","","","","","","","","","","","",""
"-75.72","45.38","OTTAWA CDA","6105976","2021-10-21","2021","10","21","","","","","","","","","","","","","","","","","","","","","","",""
"-75.72","45.38","OTTAWA CDA","6105976","2021-10-22","2021","10","22","","","","","","","","","","","","","","","","","","","","","","",""
"-75.72","45.38","OTTAWA CDA","6105976","2021-10-23","2021","10","23","","","","","","","","","","","","","","","","","","","","","","",""
"-75.72","45.38","OTTAWA CDA","6105976","2021-10-24","2021","10","24","","","","","","","","","","","","","","","","","","","","","","",""
"-75.72","45.38","OTTAWA CDA","6105976","2021-10-25","2021","10","25","","","","","","","","","","","","","","","","","","","","","","",""
"-75.72","45.38","OTTAWA CDA","6105976","2021-10-26","2021","10","26","","","","","","","","","","","","","","","","","","","","","","",""
"-75.72","45.38","OTTAWA CDA","6105976","2021-10-27","2021","10","27","","","","","","","","","","","","","","","","","","","","","","",""
"-75.72","45.38","OTTAWA CDA","6105976","2021-10-28","2021","10","28","","","","","","","","","","","","","","","","","","","","","","",""
"-75.72","45.38","OTTAWA CDA","6105976","2021-10-29","2021","10","29","","","","","","","","","","","","","","","","","","","","","","",""
"-75.72","45.38","OTTAWA CDA","6105976","2021-10-30","2021","10","30","","","","","","","","","","","","","","","","","","","","","","",""
"-75.72","45.38","OTTAWA CDA","6105976","2021-10-31","2021","10","31","","","","","","","","","","","","","","","","","","","","","","",""
"-75.72","45.38","OTTAWA CDA","6105976","2021-11-01","2021","11","01","","","","","","","","","","","","","","","","","","","","","","",""
"-75.72","45.38","OTTAWA CDA","6105976","2021-11-02","2021","11","02","","","","","","","","","","","","","","","","","","","","","","",""
"-75.72","45.38","OTTAWA CDA","6105976","2021-11-03","2021","11","03","","","","","","","","","","","","","","","","","","","","","","",""
"-75.72","45.38","OTTAWA CDA","6105976","2021-11-04","2021","11","04","","","","","","","","","","","","","","","","","","","","","","",""
"-75.72","45.38","OTTAWA CDA","6105976","2021-11-05","2021","11","05","","","","","","","","","","","","","","","","","","","","","","",""
"-75.72","45.38","OTTAWA CDA","6105976","2021-11-06","2021","11","06","","","","","","","","","","","","","","","","","","","","","","",""
"-75.72","45.38","OTTAWA CDA","6105976","2021-11-07","2021","11","07","","","","","","","","","","","","","","","","","","","","","","",""
"-75.72","45.38","OTTAWA CDA","6105976","2021-11-08","2021","11","08","","","","","","","","","","","","","","","","","","","","","","",""
"-75.72","45.38","OTTAWA CDA","6105976","2021-11-09","2021","11","09","","","","","","","","","","","","","","","","","","","","","","",""
"-75.72","45.38","OTTAWA CDA","6105976","2021-11-10","2021","11","10","","","","","","","","","","","","","","","","","","","","","","",""
"-75.72","45.38","OTTAWA CDA","6105976","2021-11-11","2021","11","11","","","","","","","","","","","","","","","","","","","","","","",""
"-75.72","45.38","OTTAWA CDA","6105976","2021-11-12","2021","11","12","","","","","","","","","","","","","","","","","","","","","","",""
"-75.72","45.38","OTTAWA CDA","6105976","2021-11-13","2021","11","13","","","","","","","","","","","","","","","","","","","","","","",""
"-75.72","45.38","OTTAWA CDA","6105976","2021-11-14","2021","11","14","","","","","","","","","","","","","","","","","","","","","","",""
"-75.72","45.38","OTTAWA CDA","6105976","2021-11-15","2021","11","15","","","","","","","","","","","","","","","","","","","","","","",""
"-75.72","45.38","OTTAWA CDA","6105976","2021-11-16","2021","11","16","","","","","","","","","","","","","","","","","","","","","","",""
"-75.72","45.38","OTTAWA CDA","6105976","2021-11-17","2021","11","17","","","","","","","","","","","","","","","","","","","","","","",""
"-75.72","45.38","OTTAWA CDA","6105976","2021-11-18","2021","11","18","","","","","","","","","","","","","","","","","","","","","","",""
"-75.72","45.38","OTTAWA CDA","6105976","2021-11-19","2021","11","19","","","","","","","","","","","","","","","","","","","","","","",""
"-75.72","45.38","OTTAWA CDA","6105976","2021-11-20","2021","11","20","","","","","","","","","","","","","","","","","","","","","","",""
"-75.72","45.38","OTTAWA CDA","6105976","2021-11-21","2021","11","21","","","","","","","","","","","","","","","","","","","","","","",""
"-75.72","45.38","OTTAWA CDA","6105976","2021-11-22","2021","11","22","","","","","","","","","","","","","","","","","","","","","","",""
"-75.72","45.38","OTTAWA CDA","6105976","2021-11-23","2021","11","23","","","","","","","","","","","","","","","","","","","","","","",""
"-75.72","45.38","OTTAWA CDA","6105976","2021-11-24","2021","11","24","","","","","","","","","","","","","","","","","","","","","","",""
"-75.72","45.38","OTTAWA CDA","6105976","2021-11-25","2021","11","25","","","","","","","","","","","","","","","","","","","","","","",""
"-75.72","45.38","OTTAWA CDA","6105976","2021-11-26","2021","11","26","","","","","","","","","","","","","","","","","","","","","","",""
"-75.72","45.38","OTTAWA CDA","6105976","2021-11-27","2021","11","27","","","","","","","","","","","","","","","","","","","","","","",""
"-75.72","45.38","OTTAWA CDA","6105976","2021-11-28","2021","11","28","","","","","","","","","","","","","","","","","","","","","","",""
"-75.72","45.38","OTTAWA CDA","6105976","2021-11-29","2021","11","29","","","","","","","","","","","","","","","","","","","","","","",""
"-75.72","45.38","OTTAWA CDA","6105976","2021-11-30","2021","11","30","","","","","","","","","","","","","","","","","","","","","","",""
"-75.72","45.38","OTTAWA CDA","6105976","2021-12-01","2021","12","01","","","","","","","","","","","","","","","","","","","","","","",""
"-75.72","45.38","OTTAWA CDA","6105976","2021-12-02","2021","12","02","","","","","","","","","","","","","","","","","","","","","","",""
"-75.72","45.38","OTTAWA CDA","6105976","2021-12-03","2021","12","03","","","","","","","","","","","","","","","","","","","","","","",""
"-75.72","45.38","OTTAWA CDA","6105976","2021-12-04","2021","12","04","","","","","","","","","","","","","","","","","","","","","","",""
"-75.72","45.38","OTTAWA CDA","6105976","2021-12-05","2021","12","05","","","","","","","","","","","","","","","","","","","","","","",""
"-75.72","45.38","OTTAWA CDA","6105976","2021-12-06","2021","12","06","","","","","","","","","","","","","","","","","","","","","","",""
"-75.72","45.38","OTTAWA CDA","6105976","2021-12-07","2021","12","07","","","","","","","","","","","","","","","","","","","","","","",""
"-75.72","45.38","OTTAWA CDA","6105976","2021-12-08","2021","12","08","","","","","","","","","","","","","","","","","","","","","","",""
"-75.72","45.38","OTTAWA CDA","6105976","2021-12-09","2021","12","09","","","","","","","","","","","","","","","","","","","","","","",""
"-75.72","45.38","OTTAWA CDA","6105976","2021-12-10","2021","12","10","","","","","","","","","","","","","","","","","","","","","","",""
"-75.72","45.38","OTTAWA CDA","6105976","2021-12-11","2021","12","11","","","","","","","","","","","","","","","","","","","","","","",""
"-75.72","45.38","OTTAWA CDA","6105976","2021-12-12","2021","12","12","","","","","","","","","","","","","","","","","","","","","","",""
"-75.72","45.38","OTTAWA CDA","6105976","2021-12-13","2021","12","13","","","","","","","","","","","","","","","","","","","","","","",""
"-75.72","45.38","OTTAWA CDA","6105976","2021-12-14","2021","12","14","","","","","","","","","","","","","","","","","","","","","","",""
"-75.72","45.38","OTTAWA CDA","6105976","2021-12-15","2021","12","15","","","","","","","","","","","","","","","","","","","","","","",""
"-75.72","45.38","OTTAWA CDA","6105976","2021-12-16","2021","12","16","","","","","","","","","","","","","","","","","","","","","","",""
"-75.72","45.38","OTTAWA CDA","6105976","2021-12-17","2021","12","17","","","","","","","","","","","","","","","","","","","","","","",""
"-75.72","45.38","OTTAWA CDA","6105976","2021-12-18","2021","12","18","","","","","","","","","","","","","","","","","","","","","","",""
"-75.72","45.38","OTTAWA CDA","6105976","2021-12-19","2021","12","19","","","","","","","","","","","","","","","","","","","","","","",""
"-75.72","45.38","OTTAWA CDA","6105976","2021-12-20","2021","12","20","","","","","","","","","","","","","","","","","","","","","","",""
"-75.72","45.38","OTTAWA CDA","6105976","2021-12-21","2021","12","21","","","","","","","","","","","","","","","","","","","","","","",""
"-75.72","45.38","OTTAWA CDA","6105976","2021-12-22","2021","12","22","","","","","","","","","","","","","","","","","","","","","","",""
"-75.72","45.38","OTTAWA CDA","6105976","2021-12-23","2021","12","23","","","","","","","","","","","","","","","","","","","","","","",""
"-75.72","45.38","OTTAWA CDA","6105976","2021-12-24","2021","12","24","","","","","","","","","","","","","","","","","","","","","","",""
"-75.72","45.38","OTTAWA CDA","6105976","2021-12-25","2021","12","25","","","","","","","","","","","","","","","","","","","","","","",""
"-75.72","45.38","OTTAWA CDA","6105976","2021-12-26","2021","12","26","","","","","","","","","","","","","","","","","","","","","","",""
"-75.72","45.38","OTTAWA CDA","6105976","2021-12-27","2021","12","27","","","","","","","","","","","","","","","","","","","","","","",""
"-75.72","45.38","OTTAWA CDA","6105976","2021-12-28","2021","12","28","","","","","","","","","","","","","","","","","","","","","","",""
"-75.72","45.38","OTTAWA CDA","6105976","2021-12-29","2021","12","29","","","","","","","","","","","","","","","","","","","","","","",""
"-75.72","45.38","OTTAWA CDA","6105976","2021-12-30","2021","12","30","","","","","","","","","","","","","","","","","","","","","","",""
"-75.72","45.38","OTTAWA CDA","6105976","2021-12-31","2021","12","31","","","","","","","","","","","","","","","","","","","","","","",""
