Mobility_key,Metro_area,Subregion,Province,Retail_and_recreation,Grocery_and_pharmacy,Parks,"Transit_stations,",Workplaces,Residential,date
0,,Ottawa,Ontario,13.0,6.0,68.0,3.0,1.0,-2.0,2020-02-15
1,,Ottawa,Ontario,30.0,26.0,128.0,3.0,4.0,-4.0,2020-02-16
2,,Ottawa,Ontario,-30.0,-53.0,52.0,-40.0,-62.0,14.0,2020-02-17
3,,Ottawa,Ontario,-5.0,9.0,-8.0,-6.0,-2.0,1.0,2020-02-18
4,,Ottawa,Ontario,0.0,6.0,-8.0,-8.0,1.0,0.0,2020-02-19
5,,Ottawa,Ontario,6.0,4.0,0.0,-8.0,1.0,0.0,2020-02-20
6,,Ottawa,Ontario,-1.0,0.0,9.0,-9.0,-8.0,2.0,2020-02-21
7,,Ottawa,Ontario,17.0,11.0,54.0,5.0,4.0,-2.0,2020-02-22
8,,Ottawa,Ontario,18.0,17.0,38.0,4.0,6.0,-2.0,2020-02-23
9,,Ottawa,Ontario,4.0,5.0,13.0,-6.0,2.0,0.0,2020-02-24
10,,Ottawa,Ontario,1.0,10.0,2.0,-6.0,3.0,-1.0,2020-02-25
11,,Ottawa,Ontario,-5.0,6.0,-14.0,-2.0,1.0,1.0,2020-02-26
12,,Ottawa,Ontario,-25.0,-25.0,-29.0,-22.0,-31.0,13.0,2020-02-27
13,,Ottawa,Ontario,-2.0,3.0,-12.0,2.0,-3.0,2.0,2020-02-28
14,,Ottawa,Ontario,13.0,13.0,-8.0,4.0,7.0,-2.0,2020-02-29
15,,Ottawa,Ontario,17.0,22.0,17.0,3.0,9.0,-2.0,2020-03-01
16,,Ottawa,Ontario,2.0,6.0,-7.0,-5.0,4.0,0.0,2020-03-02
17,,Ottawa,Ontario,0.0,5.0,-10.0,-2.0,4.0,0.0,2020-03-03
18,,Ottawa,Ontario,3.0,9.0,-9.0,-2.0,5.0,0.0,2020-03-04
19,,Ottawa,Ontario,9.0,8.0,-5.0,-4.0,-1.0,0.0,2020-03-05
20,,Ottawa,Ontario,-3.0,-2.0,-10.0,-1.0,5.0,1.0,2020-03-06
21,,Ottawa,Ontario,18.0,12.0,16.0,5.0,6.0,-3.0,2020-03-07
22,,Ottawa,Ontario,16.0,20.0,30.0,0.0,6.0,-2.0,2020-03-08
23,,Ottawa,Ontario,4.0,8.0,11.0,-8.0,3.0,0.0,2020-03-09
24,,Ottawa,Ontario,-2.0,4.0,-9.0,-8.0,3.0,1.0,2020-03-10
25,,Ottawa,Ontario,2.0,12.0,-7.0,-5.0,3.0,0.0,2020-03-11
26,,Ottawa,Ontario,8.0,35.0,-3.0,-8.0,0.0,1.0,2020-03-12
27,,Ottawa,Ontario,-8.0,41.0,-22.0,-18.0,-6.0,5.0,2020-03-13
28,,Ottawa,Ontario,-9.0,24.0,3.0,-17.0,-2.0,3.0,2020-03-14
29,,Ottawa,Ontario,-13.0,14.0,10.0,-25.0,-6.0,3.0,2020-03-15
30,,Ottawa,Ontario,-25.0,17.0,-23.0,-52.0,-48.0,17.0,2020-03-16
31,,Ottawa,Ontario,-43.0,-5.0,-35.0,-59.0,-59.0,22.0,2020-03-17
32,,Ottawa,Ontario,-46.0,-9.0,-23.0,-61.0,-61.0,23.0,2020-03-18
33,,Ottawa,Ontario,-47.0,-11.0,-20.0,-64.0,-64.0,24.0,2020-03-19
34,,Ottawa,Ontario,-54.0,-19.0,-35.0,-64.0,-64.0,26.0,2020-03-20
35,,Ottawa,Ontario,-55.0,-24.0,-9.0,-54.0,-39.0,13.0,2020-03-21
36,,Ottawa,Ontario,-53.0,-24.0,21.0,-58.0,-39.0,10.0,2020-03-22
37,,Ottawa,Ontario,-55.0,-27.0,-53.0,-74.0,-68.0,26.0,2020-03-23
38,,Ottawa,Ontario,-56.0,-23.0,-30.0,-73.0,-70.0,27.0,2020-03-24
39,,Ottawa,Ontario,-62.0,-33.0,-39.0,-74.0,-72.0,29.0,2020-03-25
40,,Ottawa,Ontario,-61.0,-33.0,-47.0,-76.0,-73.0,30.0,2020-03-26
41,,Ottawa,Ontario,-61.0,-28.0,-3.0,-71.0,-71.0,29.0,2020-03-27
42,,Ottawa,Ontario,-62.0,-34.0,-13.0,-66.0,-49.0,14.0,2020-03-28
43,,Ottawa,Ontario,-66.0,-44.0,-61.0,-76.0,-48.0,14.0,2020-03-29
44,,Ottawa,Ontario,-61.0,-34.0,-50.0,-77.0,-74.0,28.0,2020-03-30
45,,Ottawa,Ontario,-56.0,-25.0,-18.0,-72.0,-74.0,27.0,2020-03-31
46,,Ottawa,Ontario,-58.0,-31.0,-28.0,-72.0,-73.0,28.0,2020-04-01
47,,Ottawa,Ontario,-58.0,-30.0,-25.0,-74.0,-74.0,29.0,2020-04-02
48,,Ottawa,Ontario,-63.0,-33.0,-44.0,-75.0,-73.0,31.0,2020-04-03
49,,Ottawa,Ontario,-60.0,-34.0,12.0,-59.0,-48.0,14.0,2020-04-04
50,,Ottawa,Ontario,-63.0,-38.0,-21.0,-70.0,-48.0,13.0,2020-04-05
51,,Ottawa,Ontario,-59.0,-31.0,-11.0,-74.0,-74.0,27.0,2020-04-06
52,,Ottawa,Ontario,-60.0,-28.0,-28.0,-75.0,-74.0,28.0,2020-04-07
53,,Ottawa,Ontario,-59.0,-24.0,-45.0,-75.0,-74.0,29.0,2020-04-08
54,,Ottawa,Ontario,-53.0,-6.0,-53.0,-77.0,-75.0,29.0,2020-04-09
55,,Ottawa,Ontario,-86.0,-80.0,-54.0,-85.0,-89.0,38.0,2020-04-10
56,,Ottawa,Ontario,-56.0,-14.0,-18.0,-63.0,-48.0,14.0,2020-04-11
57,,Ottawa,Ontario,-83.0,-79.0,-15.0,-72.0,-58.0,14.0,2020-04-12
58,,Ottawa,Ontario,-64.0,-36.0,-64.0,-83.0,-80.0,31.0,2020-04-13
59,,Ottawa,Ontario,-59.0,-23.0,-40.0,-77.0,-74.0,29.0,2020-04-14
60,,Ottawa,Ontario,-59.0,-27.0,-48.0,-76.0,-74.0,29.0,2020-04-15
61,,Ottawa,Ontario,-59.0,-27.0,-39.0,-76.0,-74.0,30.0,2020-04-16
62,,Ottawa,Ontario,-62.0,-30.0,-33.0,-74.0,-72.0,31.0,2020-04-17
63,,Ottawa,Ontario,-61.0,-32.0,7.0,-59.0,-43.0,14.0,2020-04-18
64,,Ottawa,Ontario,-65.0,-42.0,-50.0,-74.0,-46.0,14.0,2020-04-19
65,,Ottawa,Ontario,-58.0,-29.0,-16.0,-74.0,-73.0,27.0,2020-04-20
66,,Ottawa,Ontario,-62.0,-36.0,-59.0,-78.0,-74.0,30.0,2020-04-21
67,,Ottawa,Ontario,-60.0,-31.0,-53.0,-77.0,-73.0,30.0,2020-04-22
68,,Ottawa,Ontario,-56.0,-23.0,-22.0,-73.0,-73.0,29.0,2020-04-23
69,,Ottawa,Ontario,-63.0,-29.0,-29.0,-73.0,-71.0,30.0,2020-04-24
70,,Ottawa,Ontario,-59.0,-28.0,31.0,-56.0,-41.0,13.0,2020-04-25
71,,Ottawa,Ontario,-59.0,-31.0,-10.0,-66.0,-41.0,12.0,2020-04-26
72,,Ottawa,Ontario,-57.0,-26.0,-16.0,-73.0,-72.0,27.0,2020-04-27
73,,Ottawa,Ontario,-55.0,-23.0,-1.0,-70.0,-72.0,27.0,2020-04-28
74,,Ottawa,Ontario,-56.0,-27.0,-31.0,-73.0,-71.0,28.0,2020-04-29
75,,Ottawa,Ontario,-57.0,-28.0,-59.0,-77.0,-72.0,30.0,2020-04-30
76,,Ottawa,Ontario,-57.0,-22.0,-14.0,-70.0,-70.0,29.0,2020-05-01
77,,Ottawa,Ontario,-55.0,-26.0,30.0,-56.0,-37.0,12.0,2020-05-02
78,,Ottawa,Ontario,-51.0,-24.0,53.0,-59.0,-35.0,10.0,2020-05-03
79,,Ottawa,Ontario,-54.0,-25.0,-27.0,-74.0,-71.0,27.0,2020-05-04
80,,Ottawa,Ontario,-53.0,-22.0,-12.0,-71.0,-71.0,27.0,2020-05-05
81,,Ottawa,Ontario,-53.0,-21.0,-5.0,-70.0,-70.0,27.0,2020-05-06
82,,Ottawa,Ontario,-53.0,-20.0,-10.0,-72.0,-70.0,28.0,2020-05-07
83,,Ottawa,Ontario,-58.0,-22.0,-27.0,-72.0,-68.0,29.0,2020-05-08
84,,Ottawa,Ontario,-53.0,-17.0,-34.0,-67.0,-36.0,14.0,2020-05-09
85,,Ottawa,Ontario,-43.0,-12.0,46.0,-61.0,-27.0,9.0,2020-05-10
86,,Ottawa,Ontario,-53.0,-25.0,-2.0,-73.0,-69.0,26.0,2020-05-11
87,,Ottawa,Ontario,-52.0,-22.0,-13.0,-73.0,-69.0,27.0,2020-05-12
88,,Ottawa,Ontario,-49.0,-19.0,15.0,-69.0,-68.0,26.0,2020-05-13
89,,Ottawa,Ontario,-48.0,-17.0,12.0,-69.0,-69.0,26.0,2020-05-14
90,,Ottawa,Ontario,-55.0,-23.0,-29.0,-72.0,-68.0,29.0,2020-05-15
91,,Ottawa,Ontario,-48.0,-18.0,68.0,-52.0,-30.0,10.0,2020-05-16
92,,Ottawa,Ontario,-37.0,-7.0,121.0,-55.0,-24.0,8.0,2020-05-17
93,,Ottawa,Ontario,-67.0,-62.0,93.0,-76.0,-85.0,27.0,2020-05-18
94,,Ottawa,Ontario,-40.0,-4.0,17.0,-69.0,-67.0,24.0,2020-05-19
95,,Ottawa,Ontario,-39.0,-7.0,43.0,-66.0,-66.0,24.0,2020-05-20
96,,Ottawa,Ontario,-39.0,-9.0,50.0,-67.0,-67.0,24.0,2020-05-21
97,,Ottawa,Ontario,-45.0,-14.0,55.0,-66.0,-63.0,24.0,2020-05-22
98,,Ottawa,Ontario,-40.0,-13.0,117.0,-48.0,-21.0,8.0,2020-05-23
99,,Ottawa,Ontario,-35.0,-14.0,145.0,-52.0,-19.0,6.0,2020-05-24
100,,Ottawa,Ontario,-41.0,-16.0,20.0,-69.0,-67.0,23.0,2020-05-25
101,,Ottawa,Ontario,-42.0,-17.0,16.0,-69.0,-66.0,24.0,2020-05-26
102,,Ottawa,Ontario,-40.0,-13.0,23.0,-67.0,-65.0,24.0,2020-05-27
103,,Ottawa,Ontario,-39.0,-11.0,9.0,-68.0,-65.0,24.0,2020-05-28
104,,Ottawa,Ontario,-44.0,-15.0,14.0,-65.0,-62.0,25.0,2020-05-29
105,,Ottawa,Ontario,-41.0,-16.0,38.0,-52.0,-16.0,10.0,2020-05-30
106,,Ottawa,Ontario,-34.0,-9.0,86.0,-55.0,-12.0,6.0,2020-05-31
107,,Ottawa,Ontario,-37.0,-13.0,32.0,-67.0,-64.0,22.0,2020-06-01
108,,Ottawa,Ontario,-41.0,-17.0,-5.0,-70.0,-64.0,24.0,2020-06-02
109,,Ottawa,Ontario,-40.0,-12.0,17.0,-67.0,-63.0,23.0,2020-06-03
110,,Ottawa,Ontario,-35.0,-9.0,73.0,-64.0,-62.0,22.0,2020-06-04
111,,Ottawa,Ontario,-42.0,-14.0,99.0,-62.0,-60.0,22.0,2020-06-05
112,,Ottawa,Ontario,-38.0,-13.0,85.0,-52.0,-13.0,8.0,2020-06-06
113,,Ottawa,Ontario,-30.0,-9.0,184.0,-52.0,-7.0,4.0,2020-06-07
114,,Ottawa,Ontario,-34.0,-11.0,64.0,-65.0,-62.0,21.0,2020-06-08
115,,Ottawa,Ontario,-37.0,-13.0,38.0,-67.0,-62.0,22.0,2020-06-09
116,,Ottawa,Ontario,-36.0,-11.0,20.0,-66.0,-62.0,23.0,2020-06-10
117,,Ottawa,Ontario,-33.0,-8.0,57.0,-65.0,-61.0,22.0,2020-06-11
118,,Ottawa,Ontario,-37.0,-11.0,48.0,-62.0,-58.0,21.0,2020-06-12
119,,Ottawa,Ontario,-32.0,-13.0,99.0,-47.0,-6.0,6.0,2020-06-13
120,,Ottawa,Ontario,-24.0,-9.0,195.0,-48.0,-1.0,3.0,2020-06-14
121,,Ottawa,Ontario,-26.0,-6.0,84.0,-63.0,-61.0,19.0,2020-06-15
122,,Ottawa,Ontario,-28.0,-7.0,83.0,-63.0,-60.0,20.0,2020-06-16
123,,Ottawa,Ontario,-29.0,-6.0,76.0,-61.0,-60.0,20.0,2020-06-17
124,,Ottawa,Ontario,-27.0,-5.0,81.0,-62.0,-60.0,20.0,2020-06-18
125,,Ottawa,Ontario,-34.0,-8.0,81.0,-59.0,-57.0,19.0,2020-06-19
126,,Ottawa,Ontario,-30.0,-8.0,130.0,-44.0,-2.0,3.0,2020-06-20
127,,Ottawa,Ontario,-23.0,-8.0,150.0,-52.0,5.0,0.0,2020-06-21
128,,Ottawa,Ontario,-30.0,-14.0,30.0,-65.0,-62.0,20.0,2020-06-22
129,,Ottawa,Ontario,-30.0,-10.0,34.0,-64.0,-61.0,21.0,2020-06-23
130,,Ottawa,Ontario,-23.0,-2.0,50.0,-60.0,-59.0,20.0,2020-06-24
131,,Ottawa,Ontario,-25.0,-6.0,72.0,-61.0,-59.0,20.0,2020-06-25
132,,Ottawa,Ontario,-33.0,-10.0,85.0,-58.0,-56.0,18.0,2020-06-26
133,,Ottawa,Ontario,-31.0,-14.0,67.0,-47.0,-8.0,6.0,2020-06-27
134,,Ottawa,Ontario,-24.0,-9.0,131.0,-48.0,4.0,2.0,2020-06-28
135,,Ottawa,Ontario,-21.0,1.0,62.0,-61.0,-59.0,18.0,2020-06-29
136,,Ottawa,Ontario,-11.0,28.0,71.0,-59.0,-58.0,16.0,2020-06-30
137,,Ottawa,Ontario,-60.0,-57.0,194.0,-68.0,-79.0,19.0,2020-07-01
138,,Ottawa,Ontario,-26.0,-1.0,22.0,-62.0,-62.0,19.0,2020-07-02
139,,Ottawa,Ontario,-31.0,-4.0,84.0,-57.0,-58.0,17.0,2020-07-03
140,,Ottawa,Ontario,-29.0,-10.0,157.0,-39.0,-3.0,3.0,2020-07-04
141,,Ottawa,Ontario,-22.0,-5.0,177.0,-42.0,1.0,0.0,2020-07-05
142,,Ottawa,Ontario,-22.0,-1.0,87.0,-59.0,-60.0,17.0,2020-07-06
143,,Ottawa,Ontario,-26.0,-6.0,62.0,-60.0,-60.0,19.0,2020-07-07
144,,Ottawa,Ontario,-25.0,-3.0,56.0,-59.0,-58.0,19.0,2020-07-08
145,,Ottawa,Ontario,-25.0,-2.0,48.0,-60.0,-58.0,19.0,2020-07-09
146,,Ottawa,Ontario,-32.0,-8.0,57.0,-59.0,-56.0,18.0,2020-07-10
147,,Ottawa,Ontario,-29.0,-9.0,36.0,-44.0,-7.0,6.0,2020-07-11
148,,Ottawa,Ontario,-21.0,-3.0,150.0,-44.0,1.0,2.0,2020-07-12
149,,Ottawa,Ontario,-23.0,-4.0,75.0,-58.0,-59.0,17.0,2020-07-13
150,,Ottawa,Ontario,-24.0,-5.0,78.0,-59.0,-59.0,18.0,2020-07-14
151,,Ottawa,Ontario,-23.0,-4.0,78.0,-58.0,-57.0,17.0,2020-07-15
152,,Ottawa,Ontario,-23.0,-1.0,43.0,-60.0,-58.0,19.0,2020-07-16
153,,Ottawa,Ontario,-28.0,-5.0,92.0,-55.0,-55.0,16.0,2020-07-17
154,,Ottawa,Ontario,-26.0,-8.0,164.0,-38.0,0.0,2.0,2020-07-18
155,,Ottawa,Ontario,-22.0,-7.0,104.0,-46.0,-1.0,1.0,2020-07-19
156,,Ottawa,Ontario,-20.0,-1.0,81.0,-59.0,-58.0,17.0,2020-07-20
157,,Ottawa,Ontario,-22.0,-4.0,92.0,-59.0,-57.0,17.0,2020-07-21
158,,Ottawa,Ontario,-25.0,-5.0,20.0,-61.0,-57.0,19.0,2020-07-22
159,,Ottawa,Ontario,-20.0,-1.0,80.0,-58.0,-57.0,18.0,2020-07-23
160,,Ottawa,Ontario,-28.0,-5.0,103.0,-56.0,-54.0,16.0,2020-07-24
161,,Ottawa,Ontario,-25.0,-9.0,176.0,-39.0,-1.0,2.0,2020-07-25
162,,Ottawa,Ontario,-19.0,-5.0,153.0,-44.0,1.0,0.0,2020-07-26
163,,Ottawa,Ontario,-22.0,-3.0,39.0,-62.0,-60.0,18.0,2020-07-27
164,,Ottawa,Ontario,-22.0,-2.0,88.0,-60.0,-58.0,17.0,2020-07-28
165,,Ottawa,Ontario,-23.0,-4.0,30.0,-59.0,-58.0,18.0,2020-07-29
166,,Ottawa,Ontario,-19.0,2.0,54.0,-57.0,-58.0,17.0,2020-07-30
167,,Ottawa,Ontario,-25.0,0.0,107.0,-51.0,-56.0,14.0,2020-07-31
168,,Ottawa,Ontario,-26.0,-9.0,181.0,-32.0,-2.0,0.0,2020-08-01
169,,Ottawa,Ontario,-25.0,-11.0,2.0,-46.0,-7.0,3.0,2020-08-02
170,,Ottawa,Ontario,-35.0,-24.0,137.0,-67.0,-77.0,17.0,2020-08-03
171,,Ottawa,Ontario,-27.0,-8.0,-21.0,-62.0,-61.0,19.0,2020-08-04
172,,Ottawa,Ontario,-20.0,1.0,59.0,-60.0,-58.0,17.0,2020-08-05
173,,Ottawa,Ontario,-16.0,0.0,107.0,-59.0,-57.0,16.0,2020-08-06
174,,Ottawa,Ontario,-26.0,-7.0,100.0,-57.0,-55.0,15.0,2020-08-07
175,,Ottawa,Ontario,-23.0,-10.0,186.0,-38.0,0.0,1.0,2020-08-08
176,,Ottawa,Ontario,-20.0,-6.0,83.0,-47.0,-1.0,1.0,2020-08-09
177,,Ottawa,Ontario,-20.0,-6.0,55.0,-63.0,-59.0,17.0,2020-08-10
178,,Ottawa,Ontario,-24.0,-8.0,33.0,-62.0,-58.0,18.0,2020-08-11
179,,Ottawa,Ontario,-19.0,-3.0,89.0,-58.0,-57.0,16.0,2020-08-12
180,,Ottawa,Ontario,-18.0,-3.0,91.0,-59.0,-57.0,16.0,2020-08-13
181,,Ottawa,Ontario,-26.0,-6.0,104.0,-56.0,-55.0,15.0,2020-08-14
182,,Ottawa,Ontario,-22.0,-9.0,212.0,-36.0,-1.0,0.0,2020-08-15
183,,Ottawa,Ontario,-20.0,-10.0,94.0,-46.0,-1.0,0.0,2020-08-16
184,,Ottawa,Ontario,-20.0,-7.0,40.0,-61.0,-60.0,17.0,2020-08-17
185,,Ottawa,Ontario,-20.0,-6.0,63.0,-60.0,-57.0,17.0,2020-08-18
186,,Ottawa,Ontario,-19.0,-4.0,76.0,-57.0,-56.0,16.0,2020-08-19
187,,Ottawa,Ontario,-18.0,-2.0,38.0,-61.0,-57.0,16.0,2020-08-20
188,,Ottawa,Ontario,-26.0,-6.0,72.0,-58.0,-54.0,15.0,2020-08-21
189,,Ottawa,Ontario,-21.0,-9.0,,-36.0,0.0,0.0,2020-08-22
190,,Ottawa,Ontario,-16.0,-3.0,,-44.0,2.0,0.0,2020-08-23
191,,Ottawa,Ontario,-20.0,-5.0,49.0,-63.0,-59.0,16.0,2020-08-24
192,,Ottawa,Ontario,-20.0,-5.0,59.0,-61.0,-57.0,16.0,2020-08-25
193,,Ottawa,Ontario,-19.0,-3.0,69.0,-59.0,-56.0,15.0,2020-08-26
194,,Ottawa,Ontario,-18.0,-4.0,18.0,-61.0,-57.0,17.0,2020-08-27
195,,Ottawa,Ontario,-24.0,-7.0,91.0,-56.0,-53.0,14.0,2020-08-28
196,,Ottawa,Ontario,-23.0,-8.0,15.0,-47.0,-8.0,5.0,2020-08-29
197,,Ottawa,Ontario,-9.0,2.0,,-40.0,4.0,-1.0,2020-08-30
198,,Ottawa,Ontario,-14.0,-2.0,91.0,-59.0,-58.0,14.0,2020-08-31
199,,Ottawa,Ontario,-18.0,-4.0,47.0,-59.0,-57.0,16.0,2020-09-01
200,,Ottawa,Ontario,-22.0,-6.0,8.0,-62.0,-57.0,17.0,2020-09-02
201,,Ottawa,Ontario,-13.0,2.0,77.0,-56.0,-56.0,15.0,2020-09-03
202,,Ottawa,Ontario,-22.0,-5.0,61.0,-54.0,-53.0,14.0,2020-09-04
203,,Ottawa,Ontario,-18.0,-5.0,,-40.0,-4.0,1.0,2020-09-05
204,,Ottawa,Ontario,-3.0,9.0,,-39.0,4.0,-2.0,2020-09-06
205,,Ottawa,Ontario,-57.0,-55.0,29.0,-77.0,-84.0,21.0,2020-09-07
206,,Ottawa,Ontario,-17.0,6.0,13.0,-58.0,-58.0,16.0,2020-09-08
207,,Ottawa,Ontario,-24.0,-7.0,2.0,-61.0,-57.0,18.0,2020-09-09
208,,Ottawa,Ontario,-18.0,-1.0,21.0,-58.0,-56.0,17.0,2020-09-10
209,,Ottawa,Ontario,-24.0,-9.0,78.0,-53.0,-52.0,15.0,2020-09-11
210,,Ottawa,Ontario,-15.0,-3.0,175.0,-36.0,0.0,2.0,2020-09-12
211,,Ottawa,Ontario,-17.0,-3.0,37.0,-46.0,-2.0,4.0,2020-09-13
212,,Ottawa,Ontario,-19.0,-6.0,57.0,-59.0,-55.0,16.0,2020-09-14
213,,Ottawa,Ontario,-21.0,-8.0,24.0,-59.0,-53.0,17.0,2020-09-15
214,,Ottawa,Ontario,-22.0,-9.0,58.0,-59.0,-54.0,16.0,2020-09-16
215,,Ottawa,Ontario,-19.0,-4.0,42.0,-58.0,-54.0,17.0,2020-09-17
216,,Ottawa,Ontario,-26.0,-11.0,42.0,-56.0,-50.0,16.0,2020-09-18
217,,Ottawa,Ontario,-18.0,-4.0,113.0,-42.0,-1.0,3.0,2020-09-19
218,,Ottawa,Ontario,-13.0,1.0,131.0,-46.0,3.0,1.0,2020-09-20
219,,Ottawa,Ontario,-22.0,-8.0,51.0,-61.0,-57.0,16.0,2020-09-21
220,,Ottawa,Ontario,-25.0,-8.0,32.0,-60.0,-54.0,17.0,2020-09-22
221,,Ottawa,Ontario,-26.0,-9.0,41.0,-62.0,-53.0,17.0,2020-09-23
222,,Ottawa,Ontario,-25.0,-7.0,9.0,-62.0,-53.0,18.0,2020-09-24
223,,Ottawa,Ontario,-29.0,-10.0,39.0,-58.0,-49.0,16.0,2020-09-25
224,,Ottawa,Ontario,-21.0,-6.0,131.0,-46.0,0.0,3.0,2020-09-26
225,,Ottawa,Ontario,-17.0,-1.0,117.0,-47.0,4.0,1.0,2020-09-27
226,,Ottawa,Ontario,-25.0,-8.0,47.0,-63.0,-55.0,17.0,2020-09-28
227,,Ottawa,Ontario,-28.0,-9.0,-6.0,-64.0,-54.0,18.0,2020-09-29
228,,Ottawa,Ontario,-27.0,-6.0,-14.0,-65.0,-54.0,19.0,2020-09-30
229,,Ottawa,Ontario,-23.0,-2.0,9.0,-61.0,-52.0,18.0,2020-10-01
230,,Ottawa,Ontario,-33.0,-12.0,-8.0,-62.0,-49.0,19.0,2020-10-02
231,,Ottawa,Ontario,-22.0,-3.0,78.0,-47.0,-3.0,5.0,2020-10-03
232,,Ottawa,Ontario,-20.0,0.0,50.0,-53.0,-1.0,4.0,2020-10-04
233,,Ottawa,Ontario,-27.0,-7.0,6.0,-65.0,-56.0,18.0,2020-10-05
234,,Ottawa,Ontario,-28.0,-6.0,-4.0,-64.0,-53.0,18.0,2020-10-06
235,,Ottawa,Ontario,-32.0,-9.0,-26.0,-68.0,-53.0,19.0,2020-10-07
236,,Ottawa,Ontario,-24.0,3.0,5.0,-61.0,-52.0,18.0,2020-10-08
237,,Ottawa,Ontario,-29.0,0.0,19.0,-57.0,-50.0,17.0,2020-10-09
238,,Ottawa,Ontario,-29.0,1.0,89.0,-49.0,-4.0,6.0,2020-10-10
239,,Ottawa,Ontario,-27.0,4.0,96.0,-51.0,0.0,3.0,2020-10-11
240,,Ottawa,Ontario,-70.0,-62.0,42.0,-81.0,-84.0,24.0,2020-10-12
241,,Ottawa,Ontario,-34.0,-7.0,-28.0,-65.0,-55.0,20.0,2020-10-13
242,,Ottawa,Ontario,-31.0,-6.0,23.0,-63.0,-53.0,19.0,2020-10-14
243,,Ottawa,Ontario,-33.0,-9.0,-25.0,-64.0,-54.0,21.0,2020-10-15
244,,Ottawa,Ontario,-35.0,-8.0,-3.0,-61.0,-50.0,20.0,2020-10-16
245,,Ottawa,Ontario,-25.0,-2.0,107.0,-46.0,-7.0,6.0,2020-10-17
246,,Ottawa,Ontario,-25.0,-1.0,55.0,-52.0,-6.0,6.0,2020-10-18
247,,Ottawa,Ontario,-34.0,-12.0,-19.0,-66.0,-57.0,20.0,2020-10-19
248,,Ottawa,Ontario,-31.0,-7.0,0.0,-63.0,-54.0,19.0,2020-10-20
249,,Ottawa,Ontario,-36.0,-13.0,-25.0,-67.0,-54.0,21.0,2020-10-21
250,,Ottawa,Ontario,-30.0,-4.0,0.0,-61.0,-53.0,19.0,2020-10-22
251,,Ottawa,Ontario,-30.0,-8.0,76.0,-56.0,-48.0,17.0,2020-10-23
252,,Ottawa,Ontario,-27.0,-1.0,38.0,-49.0,-8.0,7.0,2020-10-24
253,,Ottawa,Ontario,-23.0,1.0,60.0,-51.0,-4.0,5.0,2020-10-25
254,,Ottawa,Ontario,-35.0,-13.0,-31.0,-66.0,-56.0,20.0,2020-10-26
255,,Ottawa,Ontario,-31.0,-5.0,-15.0,-63.0,-53.0,19.0,2020-10-27
256,,Ottawa,Ontario,-31.0,-6.0,-9.0,-63.0,-52.0,19.0,2020-10-28
257,,Ottawa,Ontario,-28.0,-2.0,-21.0,-63.0,-52.0,19.0,2020-10-29
258,,Ottawa,Ontario,-32.0,-3.0,-2.0,-59.0,-48.0,19.0,2020-10-30
259,,Ottawa,Ontario,-26.0,3.0,51.0,-47.0,-6.0,6.0,2020-10-31
260,,Ottawa,Ontario,-29.0,-3.0,-21.0,-56.0,-9.0,6.0,2020-11-01
261,,Ottawa,Ontario,-35.0,-12.0,-29.0,-67.0,-55.0,19.0,2020-11-02
262,,Ottawa,Ontario,-36.0,-15.0,-36.0,-66.0,-53.0,20.0,2020-11-03
263,,Ottawa,Ontario,-35.0,-12.0,-14.0,-67.0,-52.0,20.0,2020-11-04
264,,Ottawa,Ontario,-29.0,-7.0,10.0,-62.0,-51.0,19.0,2020-11-05
265,,Ottawa,Ontario,-33.0,-11.0,21.0,-59.0,-48.0,19.0,2020-11-06
266,,Ottawa,Ontario,-20.0,-3.0,114.0,-47.0,-2.0,5.0,2020-11-07
267,,Ottawa,Ontario,-15.0,1.0,143.0,-49.0,2.0,3.0,2020-11-08
268,,Ottawa,Ontario,-27.0,-8.0,34.0,-64.0,-53.0,18.0,2020-11-09
269,,Ottawa,Ontario,-25.0,-6.0,20.0,-60.0,-50.0,18.0,2020-11-10
270,,Ottawa,Ontario,-26.0,-9.0,-2.0,-65.0,-56.0,20.0,2020-11-11
271,,Ottawa,Ontario,-26.0,-3.0,-14.0,-62.0,-50.0,19.0,2020-11-12
272,,Ottawa,Ontario,-30.0,-10.0,-12.0,-60.0,-48.0,20.0,2020-11-13
273,,Ottawa,Ontario,-20.0,-1.0,37.0,-48.0,-4.0,6.0,2020-11-14
274,,Ottawa,Ontario,-26.0,-8.0,-30.0,-56.0,-6.0,7.0,2020-11-15
275,,Ottawa,Ontario,-31.0,-12.0,-24.0,-66.0,-54.0,19.0,2020-11-16
276,,Ottawa,Ontario,-31.0,-12.0,-31.0,-65.0,-50.0,20.0,2020-11-17
277,,Ottawa,Ontario,-32.0,-12.0,-30.0,-67.0,-51.0,20.0,2020-11-18
278,,Ottawa,Ontario,-27.0,-6.0,-18.0,-64.0,-50.0,19.0,2020-11-19
279,,Ottawa,Ontario,-29.0,-8.0,9.0,-61.0,-47.0,19.0,2020-11-20
280,,Ottawa,Ontario,-19.0,1.0,24.0,-53.0,-3.0,7.0,2020-11-21
281,,Ottawa,Ontario,-22.0,-1.0,-9.0,-57.0,-4.0,7.0,2020-11-22
282,,Ottawa,Ontario,-33.0,-18.0,-26.0,-66.0,-54.0,20.0,2020-11-23
283,,Ottawa,Ontario,-29.0,-10.0,-33.0,-66.0,-50.0,19.0,2020-11-24
284,,Ottawa,Ontario,-39.0,-22.0,-36.0,-68.0,-52.0,21.0,2020-11-25
285,,Ottawa,Ontario,-25.0,-5.0,-37.0,-65.0,-50.0,20.0,2020-11-26
286,,Ottawa,Ontario,-25.0,-5.0,-21.0,-59.0,-46.0,19.0,2020-11-27
287,,Ottawa,Ontario,-16.0,4.0,7.0,-48.0,-1.0,7.0,2020-11-28
288,,Ottawa,Ontario,-14.0,6.0,40.0,-51.0,1.0,5.0,2020-11-29
289,,Ottawa,Ontario,-28.0,-11.0,-38.0,-67.0,-53.0,19.0,2020-11-30
290,,Ottawa,Ontario,-28.0,-4.0,-39.0,-66.0,-50.0,19.0,2020-12-01
291,,Ottawa,Ontario,-31.0,-8.0,-31.0,-68.0,-50.0,20.0,2020-12-02
292,,Ottawa,Ontario,-26.0,-2.0,-29.0,-64.0,-49.0,19.0,2020-12-03
293,,Ottawa,Ontario,-32.0,-9.0,-28.0,-63.0,-46.0,20.0,2020-12-04
294,,Ottawa,Ontario,-20.0,2.0,-6.0,-53.0,-3.0,7.0,2020-12-05
295,,Ottawa,Ontario,-19.0,3.0,10.0,-57.0,0.0,6.0,2020-12-06
296,,Ottawa,Ontario,-28.0,-7.0,-21.0,-67.0,-53.0,19.0,2020-12-07
297,,Ottawa,Ontario,-29.0,-8.0,-31.0,-67.0,-49.0,19.0,2020-12-08
298,,Ottawa,Ontario,-34.0,-11.0,-28.0,-68.0,-50.0,20.0,2020-12-09
299,,Ottawa,Ontario,-25.0,0.0,-29.0,-64.0,-49.0,19.0,2020-12-10
300,,Ottawa,Ontario,-27.0,-1.0,-14.0,-62.0,-45.0,19.0,2020-12-11
301,,Ottawa,Ontario,-27.0,-3.0,-25.0,-55.0,-6.0,9.0,2020-12-12
302,,Ottawa,Ontario,-20.0,2.0,-9.0,-58.0,-1.0,6.0,2020-12-13
303,,Ottawa,Ontario,-27.0,-4.0,-26.0,-68.0,-53.0,19.0,2020-12-14
304,,Ottawa,Ontario,-28.0,-6.0,-43.0,-67.0,-50.0,19.0,2020-12-15
305,,Ottawa,Ontario,-30.0,-8.0,-45.0,-69.0,-50.0,20.0,2020-12-16
306,,Ottawa,Ontario,-22.0,4.0,-36.0,-65.0,-49.0,19.0,2020-12-17
307,,Ottawa,Ontario,-28.0,-3.0,-24.0,-62.0,-45.0,19.0,2020-12-18
308,,Ottawa,Ontario,-20.0,5.0,-2.0,-50.0,-2.0,7.0,2020-12-19
309,,Ottawa,Ontario,-21.0,2.0,5.0,-55.0,2.0,6.0,2020-12-20
310,,Ottawa,Ontario,-8.0,25.0,-14.0,-65.0,-59.0,18.0,2020-12-21
311,,Ottawa,Ontario,-9.0,30.0,-33.0,-65.0,-57.0,18.0,2020-12-22
312,,Ottawa,Ontario,-9.0,40.0,-31.0,-66.0,-57.0,18.0,2020-12-23
313,,Ottawa,Ontario,-26.0,28.0,-47.0,-70.0,-67.0,20.0,2020-12-24
314,,Ottawa,Ontario,-88.0,-83.0,-49.0,-87.0,-85.0,28.0,2020-12-25
315,,Ottawa,Ontario,-68.0,-50.0,-23.0,-74.0,-37.0,13.0,2020-12-26
316,,Ottawa,Ontario,-53.0,-26.0,15.0,-69.0,-19.0,9.0,2020-12-27
317,,Ottawa,Ontario,-53.0,-23.0,-28.0,-81.0,-78.0,27.0,2020-12-28
318,,Ottawa,Ontario,-47.0,-10.0,-30.0,-77.0,-69.0,25.0,2020-12-29
319,,Ottawa,Ontario,-46.0,-3.0,-26.0,-77.0,-69.0,26.0,2020-12-30
320,,Ottawa,Ontario,-38.0,14.0,-16.0,-76.0,-71.0,25.0,2020-12-31
321,,Ottawa,Ontario,-83.0,-77.0,-7.0,-86.0,-86.0,33.0,2021-01-01
322,,Ottawa,Ontario,-54.0,-23.0,49.0,-65.0,-26.0,13.0,2021-01-02
323,,Ottawa,Ontario,-48.0,-15.0,29.0,-65.0,-16.0,10.0,2021-01-03
324,,Ottawa,Ontario,-47.0,-15.0,-24.0,-75.0,-62.0,23.0,2021-01-04
325,,Ottawa,Ontario,-49.0,-17.0,-33.0,-73.0,-61.0,24.0,2021-01-05
326,,Ottawa,Ontario,-50.0,-18.0,-33.0,-75.0,-60.0,24.0,2021-01-06
327,,Ottawa,Ontario,-49.0,-15.0,-36.0,-74.0,-60.0,25.0,2021-01-07
328,,Ottawa,Ontario,-52.0,-20.0,-27.0,-73.0,-57.0,25.0,2021-01-08
329,,Ottawa,Ontario,-50.0,-13.0,25.0,-67.0,-20.0,12.0,2021-01-09
330,,Ottawa,Ontario,-48.0,-14.0,25.0,-68.0,-17.0,9.0,2021-01-10
331,,Ottawa,Ontario,-51.0,-20.0,-26.0,-76.0,-62.0,24.0,2021-01-11
332,,Ottawa,Ontario,-50.0,-16.0,-33.0,-75.0,-60.0,24.0,2021-01-12
333,,Ottawa,Ontario,-50.0,-16.0,-43.0,-75.0,-61.0,24.0,2021-01-13
334,,Ottawa,Ontario,-57.0,-26.0,-46.0,-77.0,-64.0,26.0,2021-01-14
335,,Ottawa,Ontario,-56.0,-20.0,-36.0,-76.0,-61.0,27.0,2021-01-15
336,,Ottawa,Ontario,-66.0,-41.0,-6.0,-72.0,-33.0,15.0,2021-01-16
337,,Ottawa,Ontario,-53.0,-21.0,12.0,-71.0,-25.0,11.0,2021-01-17
338,,Ottawa,Ontario,-55.0,-27.0,-35.0,-78.0,-65.0,25.0,2021-01-18
339,,Ottawa,Ontario,-56.0,-27.0,-44.0,-77.0,-64.0,25.0,2021-01-19
340,,Ottawa,Ontario,-56.0,-26.0,-44.0,-78.0,-63.0,26.0,2021-01-20
341,,Ottawa,Ontario,-57.0,-30.0,-44.0,-76.0,-64.0,26.0,2021-01-21
342,,Ottawa,Ontario,-54.0,-21.0,-28.0,-75.0,-60.0,27.0,2021-01-22
343,,Ottawa,Ontario,-54.0,-19.0,-18.0,-72.0,-27.0,13.0,2021-01-23
344,,Ottawa,Ontario,-53.0,-21.0,-14.0,-74.0,-25.0,11.0,2021-01-24
345,,Ottawa,Ontario,-55.0,-28.0,-37.0,-77.0,-65.0,25.0,2021-01-25
346,,Ottawa,Ontario,-56.0,-27.0,-41.0,-77.0,-63.0,25.0,2021-01-26
347,,Ottawa,Ontario,-55.0,-25.0,-32.0,-76.0,-63.0,25.0,2021-01-27
348,,Ottawa,Ontario,-53.0,-22.0,-47.0,-76.0,-63.0,26.0,2021-01-28
349,,Ottawa,Ontario,-55.0,-23.0,-43.0,-76.0,-60.0,27.0,2021-01-29
350,,Ottawa,Ontario,-51.0,-15.0,3.0,-71.0,-25.0,13.0,2021-01-30
351,,Ottawa,Ontario,-49.0,-15.0,18.0,-72.0,-22.0,10.0,2021-01-31
352,,Ottawa,Ontario,-51.0,-20.0,-24.0,-76.0,-60.0,23.0,2021-02-01
353,,Ottawa,Ontario,-53.0,-22.0,-33.0,-75.0,-59.0,23.0,2021-02-02
354,,Ottawa,Ontario,-52.0,-20.0,-22.0,-76.0,-58.0,23.0,2021-02-03
355,,Ottawa,Ontario,-48.0,-15.0,-10.0,-74.0,-58.0,23.0,2021-02-04
356,,Ottawa,Ontario,-55.0,-25.0,-26.0,-75.0,-55.0,25.0,2021-02-05
357,,Ottawa,Ontario,-49.0,-13.0,38.0,-71.0,-23.0,12.0,2021-02-06
358,,Ottawa,Ontario,-50.0,-17.0,32.0,-73.0,-21.0,10.0,2021-02-07
359,,Ottawa,Ontario,-52.0,-24.0,-25.0,-77.0,-60.0,22.0,2021-02-08
360,,Ottawa,Ontario,-52.0,-21.0,-28.0,-75.0,-57.0,23.0,2021-02-09
361,,Ottawa,Ontario,-52.0,-19.0,-25.0,-76.0,-57.0,23.0,2021-02-10
362,,Ottawa,Ontario,-48.0,-13.0,-35.0,-74.0,-57.0,24.0,2021-02-11
363,,Ottawa,Ontario,-52.0,-16.0,-39.0,-75.0,-55.0,25.0,2021-02-12
364,,Ottawa,Ontario,-48.0,-4.0,-4.0,-70.0,-22.0,12.0,2021-02-13
365,,Ottawa,Ontario,-37.0,6.0,77.0,-68.0,-13.0,8.0,2021-02-14
366,,Ottawa,Ontario,-73.0,-61.0,12.0,-85.0,-83.0,29.0,2021-02-15
367,,Ottawa,Ontario,-47.0,-21.0,-52.0,-72.0,-59.0,23.0,2021-02-16
368,,Ottawa,Ontario,-36.0,-7.0,-28.0,-70.0,-53.0,20.0,2021-02-17
369,,Ottawa,Ontario,-34.0,-9.0,-30.0,-69.0,-53.0,21.0,2021-02-18
370,,Ottawa,Ontario,-40.0,-16.0,-27.0,-68.0,-49.0,21.0,2021-02-19
371,,Ottawa,Ontario,-26.0,-3.0,46.0,-57.0,-8.0,8.0,2021-02-20
372,,Ottawa,Ontario,-25.0,-2.0,62.0,-60.0,-5.0,6.0,2021-02-21
373,,Ottawa,Ontario,-43.0,-22.0,-34.0,-73.0,-55.0,21.0,2021-02-22
374,,Ottawa,Ontario,-38.0,-13.0,-40.0,-71.0,-53.0,21.0,2021-02-23
375,,Ottawa,Ontario,-42.0,-21.0,-42.0,-72.0,-53.0,21.0,2021-02-24
376,,Ottawa,Ontario,-35.0,-11.0,-35.0,-69.0,-52.0,21.0,2021-02-25
377,,Ottawa,Ontario,-35.0,-8.0,-17.0,-66.0,-48.0,20.0,2021-02-26
378,,Ottawa,Ontario,-35.0,-15.0,-10.0,-61.0,-10.0,9.0,2021-02-27
379,,Ottawa,Ontario,-21.0,1.0,28.0,-58.0,-3.0,6.0,2021-02-28
380,,Ottawa,Ontario,-35.0,-14.0,-39.0,-71.0,-55.0,20.0,2021-03-01
381,,Ottawa,Ontario,-37.0,-16.0,-47.0,-72.0,-53.0,21.0,2021-03-02
382,,Ottawa,Ontario,-37.0,-14.0,-35.0,-70.0,-53.0,21.0,2021-03-03
383,,Ottawa,Ontario,-33.0,-11.0,-44.0,-69.0,-53.0,21.0,2021-03-04
384,,Ottawa,Ontario,-36.0,-14.0,-37.0,-68.0,-48.0,21.0,2021-03-05
385,,Toronto,Ontario,0.0,2.0,15.0,1.0,0.0,-1.0,2020-02-15
386,,Toronto,Ontario,11.0,10.0,35.0,8.0,-4.0,-3.0,2020-02-16
387,,Toronto,Ontario,-26.0,-45.0,49.0,-50.0,-76.0,17.0,2020-02-17
388,,Toronto,Ontario,-3.0,11.0,-2.0,1.0,-1.0,0.0,2020-02-18
389,,Toronto,Ontario,-1.0,3.0,-3.0,-2.0,0.0,1.0,2020-02-19
390,,Toronto,Ontario,2.0,5.0,2.0,-1.0,2.0,0.0,2020-02-20
391,,Toronto,Ontario,1.0,-1.0,20.0,2.0,-6.0,2.0,2020-02-21
392,,Toronto,Ontario,8.0,8.0,56.0,13.0,7.0,-1.0,2020-02-22
393,,Toronto,Ontario,9.0,7.0,64.0,13.0,3.0,-2.0,2020-02-23
394,,Toronto,Ontario,1.0,2.0,22.0,-2.0,1.0,0.0,2020-02-24
395,,Toronto,Ontario,1.0,5.0,5.0,2.0,1.0,0.0,2020-02-25
396,,Toronto,Ontario,-10.0,-7.0,-13.0,-7.0,-4.0,3.0,2020-02-26
397,,Toronto,Ontario,-8.0,-6.0,-13.0,-3.0,-3.0,3.0,2020-02-27
398,,Toronto,Ontario,-5.0,-1.0,-8.0,-1.0,0.0,1.0,2020-02-28
399,,Toronto,Ontario,3.0,8.0,16.0,3.0,7.0,-1.0,2020-02-29
400,,Toronto,Ontario,5.0,12.0,28.0,4.0,4.0,-1.0,2020-03-01
401,,Toronto,Ontario,0.0,6.0,2.0,0.0,3.0,0.0,2020-03-02
402,,Toronto,Ontario,-2.0,3.0,-4.0,1.0,3.0,0.0,2020-03-03
403,,Toronto,Ontario,3.0,5.0,3.0,0.0,2.0,0.0,2020-03-04
404,,Toronto,Ontario,4.0,10.0,24.0,2.0,-1.0,1.0,2020-03-05
405,,Toronto,Ontario,-4.0,-1.0,-4.0,-3.0,2.0,1.0,2020-03-06
406,,Toronto,Ontario,7.0,8.0,50.0,8.0,7.0,-1.0,2020-03-07
407,,Toronto,Ontario,8.0,9.0,102.0,8.0,3.0,-1.0,2020-03-08
408,,Toronto,Ontario,1.0,5.0,48.0,-3.0,1.0,1.0,2020-03-09
409,,Toronto,Ontario,-2.0,2.0,0.0,-5.0,0.0,1.0,2020-03-10
410,,Toronto,Ontario,-2.0,5.0,-2.0,-6.0,-1.0,2.0,2020-03-11
411,,Toronto,Ontario,-1.0,30.0,4.0,-8.0,-1.0,2.0,2020-03-12
412,,Toronto,Ontario,-9.0,40.0,-13.0,-18.0,-9.0,5.0,2020-03-13
413,,Toronto,Ontario,-17.0,23.0,1.0,-23.0,-3.0,4.0,2020-03-14
414,,Toronto,Ontario,-20.0,11.0,38.0,-25.0,-10.0,4.0,2020-03-15
415,,Toronto,Ontario,-23.0,19.0,-4.0,-45.0,-37.0,13.0,2020-03-16
416,,Toronto,Ontario,-39.0,7.0,-4.0,-54.0,-46.0,17.0,2020-03-17
417,,Toronto,Ontario,-45.0,-5.0,-12.0,-58.0,-52.0,21.0,2020-03-18
418,,Toronto,Ontario,-48.0,-4.0,-3.0,-61.0,-54.0,22.0,2020-03-19
419,,Toronto,Ontario,-53.0,-12.0,-17.0,-62.0,-57.0,24.0,2020-03-20
420,,Toronto,Ontario,-56.0,-16.0,16.0,-56.0,-39.0,14.0,2020-03-21
421,,Toronto,Ontario,-60.0,-27.0,-10.0,-60.0,-43.0,12.0,2020-03-22
422,,Toronto,Ontario,-56.0,-22.0,-52.0,-69.0,-62.0,25.0,2020-03-23
423,,Toronto,Ontario,-56.0,-18.0,-11.0,-69.0,-63.0,25.0,2020-03-24
424,,Toronto,Ontario,-62.0,-29.0,-5.0,-72.0,-67.0,28.0,2020-03-25
425,,Toronto,Ontario,-63.0,-28.0,-20.0,-72.0,-67.0,29.0,2020-03-26
426,,Toronto,Ontario,-62.0,-27.0,1.0,-70.0,-67.0,29.0,2020-03-27
427,,Toronto,Ontario,-67.0,-34.0,-43.0,-68.0,-51.0,18.0,2020-03-28
428,,Toronto,Ontario,-66.0,-38.0,-10.0,-66.0,-51.0,14.0,2020-03-29
429,,Toronto,Ontario,-64.0,-35.0,-46.0,-74.0,-69.0,28.0,2020-03-30
430,,Toronto,Ontario,-61.0,-27.0,-41.0,-72.0,-69.0,27.0,2020-03-31
431,,Toronto,Ontario,-60.0,-28.0,-9.0,-72.0,-69.0,28.0,2020-04-01
432,,Toronto,Ontario,-61.0,-27.0,-11.0,-73.0,-68.0,29.0,2020-04-02
433,,Toronto,Ontario,-64.0,-30.0,-40.0,-73.0,-68.0,30.0,2020-04-03
434,,Toronto,Ontario,-65.0,-32.0,-29.0,-67.0,-51.0,18.0,2020-04-04
435,,Toronto,Ontario,-67.0,-36.0,-11.0,-67.0,-52.0,14.0,2020-04-05
436,,Toronto,Ontario,-63.0,-31.0,-15.0,-74.0,-69.0,27.0,2020-04-06
437,,Toronto,Ontario,-64.0,-29.0,-29.0,-74.0,-69.0,28.0,2020-04-07
438,,Toronto,Ontario,-62.0,-25.0,-14.0,-73.0,-70.0,28.0,2020-04-08
439,,Toronto,Ontario,-56.0,-10.0,-39.0,-72.0,-70.0,28.0,2020-04-09
440,,Toronto,Ontario,-84.0,-71.0,-38.0,-84.0,-88.0,39.0,2020-04-10
441,,Toronto,Ontario,-64.0,-23.0,-27.0,-65.0,-53.0,18.0,2020-04-11
442,,Toronto,Ontario,-82.0,-69.0,-21.0,-72.0,-58.0,16.0,2020-04-12
443,,Toronto,Ontario,-67.0,-34.0,-55.0,-78.0,-73.0,30.0,2020-04-13
444,,Toronto,Ontario,-62.0,-25.0,-39.0,-74.0,-69.0,28.0,2020-04-14
445,,Toronto,Ontario,-63.0,-30.0,-44.0,-75.0,-70.0,29.0,2020-04-15
446,,Toronto,Ontario,-64.0,-28.0,-42.0,-75.0,-69.0,30.0,2020-04-16
447,,Toronto,Ontario,-65.0,-30.0,-42.0,-73.0,-69.0,31.0,2020-04-17
448,,Toronto,Ontario,-65.0,-29.0,-13.0,-64.0,-48.0,17.0,2020-04-18
449,,Toronto,Ontario,-69.0,-41.0,-38.0,-68.0,-49.0,15.0,2020-04-19
450,,Toronto,Ontario,-62.0,-30.0,-16.0,-73.0,-68.0,27.0,2020-04-20
451,,Toronto,Ontario,-65.0,-33.0,-51.0,-75.0,-69.0,28.0,2020-04-21
452,,Toronto,Ontario,-62.0,-28.0,-30.0,-74.0,-68.0,29.0,2020-04-22
453,,Toronto,Ontario,-63.0,-26.0,-36.0,-74.0,-68.0,29.0,2020-04-23
454,,Toronto,Ontario,-64.0,-29.0,-29.0,-72.0,-67.0,30.0,2020-04-24
455,,Toronto,Ontario,-63.0,-27.0,24.0,-61.0,-47.0,16.0,2020-04-25
456,,Toronto,Ontario,-68.0,-40.0,-50.0,-69.0,-49.0,15.0,2020-04-26
457,,Toronto,Ontario,-61.0,-26.0,12.0,-71.0,-67.0,26.0,2020-04-27
458,,Toronto,Ontario,-61.0,-27.0,-17.0,-72.0,-68.0,27.0,2020-04-28
459,,Toronto,Ontario,-62.0,-30.0,-40.0,-73.0,-68.0,29.0,2020-04-29
460,,Toronto,Ontario,-61.0,-24.0,-28.0,-72.0,-68.0,29.0,2020-04-30
461,,Toronto,Ontario,-60.0,-21.0,3.0,-68.0,-66.0,28.0,2020-05-01
462,,Toronto,Ontario,-63.0,-27.0,-13.0,-60.0,-45.0,16.0,2020-05-02
463,,Toronto,Ontario,-58.0,-25.0,76.0,-53.0,-40.0,11.0,2020-05-03
464,,Toronto,Ontario,-60.0,-25.0,-12.0,-71.0,-66.0,26.0,2020-05-04
465,,Toronto,Ontario,-58.0,-21.0,-4.0,-69.0,-66.0,26.0,2020-05-05
466,,Toronto,Ontario,-58.0,-22.0,7.0,-69.0,-66.0,27.0,2020-05-06
467,,Toronto,Ontario,-59.0,-21.0,-16.0,-70.0,-66.0,28.0,2020-05-07
468,,Toronto,Ontario,-60.0,-22.0,-33.0,-69.0,-65.0,29.0,2020-05-08
469,,Toronto,Ontario,-60.0,-23.0,-41.0,-63.0,-42.0,17.0,2020-05-09
470,,Toronto,Ontario,-57.0,-24.0,-22.0,-59.0,-38.0,12.0,2020-05-10
471,,Toronto,Ontario,-60.0,-29.0,-30.0,-71.0,-65.0,27.0,2020-05-11
472,,Toronto,Ontario,-57.0,-22.0,-14.0,-69.0,-64.0,26.0,2020-05-12
473,,Toronto,Ontario,-54.0,-19.0,25.0,-67.0,-64.0,26.0,2020-05-13
474,,Toronto,Ontario,-57.0,-23.0,-33.0,-70.0,-64.0,28.0,2020-05-14
475,,Toronto,Ontario,-56.0,-20.0,-21.0,-68.0,-64.0,28.0,2020-05-15
476,,Toronto,Ontario,-53.0,-16.0,91.0,-49.0,-38.0,12.0,2020-05-16
477,,Toronto,Ontario,-54.0,-20.0,14.0,-57.0,-38.0,11.0,2020-05-17
478,,Toronto,Ontario,-76.0,-62.0,-44.0,-82.0,-85.0,33.0,2020-05-18
479,,Toronto,Ontario,-50.0,-11.0,5.0,-66.0,-63.0,24.0,2020-05-19
480,,Toronto,Ontario,-47.0,-10.0,63.0,-63.0,-62.0,24.0,2020-05-20
481,,Toronto,Ontario,-48.0,-9.0,68.0,-64.0,-62.0,24.0,2020-05-21
482,,Toronto,Ontario,-50.0,-14.0,64.0,-61.0,-60.0,24.0,2020-05-22
483,,Toronto,Ontario,-48.0,-14.0,127.0,-45.0,-31.0,11.0,2020-05-23
484,,Toronto,Ontario,-49.0,-21.0,102.0,-48.0,-31.0,9.0,2020-05-24
485,,Toronto,Ontario,-47.0,-16.0,69.0,-63.0,-62.0,22.0,2020-05-25
486,,Toronto,Ontario,-46.0,-14.0,68.0,-63.0,-60.0,22.0,2020-05-26
487,,Toronto,Ontario,-46.0,-14.0,60.0,-63.0,-60.0,23.0,2020-05-27
488,,Toronto,Ontario,-50.0,-18.0,-12.0,-66.0,-60.0,25.0,2020-05-28
489,,Toronto,Ontario,-50.0,-17.0,-6.0,-63.0,-59.0,25.0,2020-05-29
490,,Toronto,Ontario,-47.0,-13.0,68.0,-44.0,-24.0,11.0,2020-05-30
491,,Toronto,Ontario,-46.0,-17.0,79.0,-46.0,-22.0,8.0,2020-05-31
492,,Toronto,Ontario,-44.0,-12.0,78.0,-61.0,-58.0,21.0,2020-06-01
493,,Toronto,Ontario,-46.0,-15.0,48.0,-62.0,-59.0,22.0,2020-06-02
494,,Toronto,Ontario,-46.0,-15.0,51.0,-62.0,-59.0,23.0,2020-06-03
495,,Toronto,Ontario,-45.0,-9.0,85.0,-61.0,-58.0,22.0,2020-06-04
496,,Toronto,Ontario,-47.0,-14.0,46.0,-60.0,-57.0,23.0,2020-06-05
497,,Toronto,Ontario,-44.0,-12.0,129.0,-44.0,-22.0,9.0,2020-06-06
498,,Toronto,Ontario,-43.0,-16.0,135.0,-45.0,-22.0,7.0,2020-06-07
499,,Toronto,Ontario,-42.0,-12.0,89.0,-60.0,-57.0,20.0,2020-06-08
500,,Toronto,Ontario,-43.0,-12.0,95.0,-61.0,-57.0,20.0,2020-06-09
501,,Toronto,Ontario,-43.0,-14.0,49.0,-62.0,-57.0,22.0,2020-06-10
502,,Toronto,Ontario,-42.0,-8.0,85.0,-60.0,-56.0,22.0,2020-06-11
503,,Toronto,Ontario,-43.0,-11.0,75.0,-58.0,-55.0,21.0,2020-06-12
504,,Toronto,Ontario,-42.0,-11.0,131.0,-42.0,-17.0,8.0,2020-06-13
505,,Toronto,Ontario,-41.0,-15.0,134.0,-43.0,-17.0,6.0,2020-06-14
506,,Toronto,Ontario,-41.0,-12.0,91.0,-59.0,-56.0,20.0,2020-06-15
507,,Toronto,Ontario,-40.0,-10.0,104.0,-59.0,-55.0,20.0,2020-06-16
508,,Toronto,Ontario,-41.0,-11.0,97.0,-59.0,-56.0,21.0,2020-06-17
509,,Toronto,Ontario,-40.0,-6.0,105.0,-59.0,-55.0,20.0,2020-06-18
510,,Toronto,Ontario,-43.0,-9.0,96.0,-56.0,-54.0,19.0,2020-06-19
511,,Toronto,Ontario,-42.0,-10.0,138.0,-40.0,-15.0,6.0,2020-06-20
512,,Toronto,Ontario,-42.0,-17.0,113.0,-43.0,-12.0,4.0,2020-06-21
513,,Toronto,Ontario,-43.0,-16.0,64.0,-61.0,-57.0,20.0,2020-06-22
514,,Toronto,Ontario,-44.0,-15.0,28.0,-61.0,-57.0,21.0,2020-06-23
515,,Toronto,Ontario,-37.0,-9.0,71.0,-57.0,-55.0,20.0,2020-06-24
516,,Toronto,Ontario,-36.0,-5.0,96.0,-56.0,-54.0,19.0,2020-06-25
517,,Toronto,Ontario,-38.0,-9.0,105.0,-53.0,-53.0,18.0,2020-06-26
518,,Toronto,Ontario,-38.0,-11.0,113.0,-38.0,-15.0,7.0,2020-06-27
519,,Toronto,Ontario,-36.0,-14.0,154.0,-35.0,-10.0,3.0,2020-06-28
520,,Toronto,Ontario,-33.0,-7.0,101.0,-57.0,-55.0,17.0,2020-06-29
521,,Toronto,Ontario,-24.0,14.0,109.0,-54.0,-54.0,15.0,2020-06-30
522,,Toronto,Ontario,-56.0,-46.0,220.0,-66.0,-76.0,21.0,2020-07-01
523,,Toronto,Ontario,-31.0,3.0,82.0,-57.0,-56.0,18.0,2020-07-02
524,,Toronto,Ontario,-35.0,-4.0,92.0,-55.0,-57.0,18.0,2020-07-03
525,,Toronto,Ontario,-36.0,-10.0,141.0,-39.0,-15.0,5.0,2020-07-04
526,,Toronto,Ontario,-35.0,-14.0,129.0,-40.0,-13.0,3.0,2020-07-05
527,,Toronto,Ontario,-33.0,-6.0,100.0,-57.0,-55.0,17.0,2020-07-06
528,,Toronto,Ontario,-34.0,-6.0,95.0,-56.0,-55.0,17.0,2020-07-07
529,,Toronto,Ontario,-34.0,-9.0,68.0,-57.0,-55.0,18.0,2020-07-08
530,,Toronto,Ontario,-33.0,-2.0,87.0,-56.0,-54.0,18.0,2020-07-09
531,,Toronto,Ontario,-36.0,-7.0,79.0,-55.0,-53.0,18.0,2020-07-10
532,,Toronto,Ontario,-38.0,-11.0,30.0,-44.0,-15.0,8.0,2020-07-11
533,,Toronto,Ontario,-32.0,-10.0,131.0,-37.0,-11.0,3.0,2020-07-12
534,,Toronto,Ontario,-34.0,-8.0,86.0,-57.0,-54.0,17.0,2020-07-13
535,,Toronto,Ontario,-33.0,-6.0,109.0,-56.0,-54.0,17.0,2020-07-14
536,,Toronto,Ontario,-32.0,-8.0,101.0,-56.0,-53.0,17.0,2020-07-15
537,,Toronto,Ontario,-36.0,-6.0,22.0,-59.0,-53.0,19.0,2020-07-16
538,,Toronto,Ontario,-34.0,-5.0,109.0,-52.0,-52.0,16.0,2020-07-17
539,,Toronto,Ontario,-34.0,-9.0,147.0,-35.0,-11.0,4.0,2020-07-18
540,,Toronto,Ontario,-38.0,-16.0,66.0,-45.0,-15.0,4.0,2020-07-19
541,,Toronto,Ontario,-31.0,-6.0,109.0,-56.0,-53.0,16.0,2020-07-20
542,,Toronto,Ontario,-32.0,-5.0,110.0,-56.0,-52.0,16.0,2020-07-21
543,,Toronto,Ontario,-36.0,-12.0,24.0,-59.0,-54.0,19.0,2020-07-22
544,,Toronto,Ontario,-31.0,-2.0,105.0,-55.0,-52.0,17.0,2020-07-23
545,,Toronto,Ontario,-34.0,-7.0,106.0,-53.0,-51.0,16.0,2020-07-24
546,,Toronto,Ontario,-33.0,-9.0,156.0,-35.0,-12.0,3.0,2020-07-25
547,,Toronto,Ontario,-33.0,-13.0,130.0,-37.0,-12.0,2.0,2020-07-26
548,,Toronto,Ontario,-35.0,-10.0,60.0,-58.0,-54.0,17.0,2020-07-27
549,,Toronto,Ontario,-32.0,-5.0,104.0,-55.0,-53.0,16.0,2020-07-28
550,,Toronto,Ontario,-30.0,-7.0,85.0,-56.0,-54.0,17.0,2020-07-29
551,,Toronto,Ontario,-28.0,-1.0,101.0,-54.0,-53.0,16.0,2020-07-30
552,,Toronto,Ontario,-29.0,-4.0,105.0,-51.0,-52.0,14.0,2020-07-31
553,,Toronto,Ontario,-32.0,-12.0,135.0,-34.0,-14.0,2.0,2020-08-01
554,,Toronto,Ontario,-33.0,-16.0,23.0,-45.0,-18.0,4.0,2020-08-02
555,,Toronto,Ontario,-43.0,-31.0,85.0,-69.0,-77.0,20.0,2020-08-03
556,,Toronto,Ontario,-32.0,-7.0,13.0,-57.0,-55.0,17.0,2020-08-04
557,,Toronto,Ontario,-26.0,-5.0,103.0,-53.0,-53.0,16.0,2020-08-05
558,,Toronto,Ontario,-26.0,-3.0,111.0,-53.0,-52.0,16.0,2020-08-06
559,,Toronto,Ontario,-30.0,-9.0,104.0,-51.0,-51.0,15.0,2020-08-07
560,,Toronto,Ontario,-28.0,-11.0,162.0,-32.0,-10.0,2.0,2020-08-08
561,,Toronto,Ontario,-28.0,-15.0,128.0,-35.0,-11.0,1.0,2020-08-09
562,,Toronto,Ontario,-29.0,-11.0,91.0,-56.0,-53.0,15.0,2020-08-10
563,,Toronto,Ontario,-29.0,-9.0,89.0,-55.0,-53.0,16.0,2020-08-11
564,,Toronto,Ontario,-27.0,-10.0,102.0,-54.0,-53.0,16.0,2020-08-12
565,,Toronto,Ontario,-27.0,-7.0,104.0,-53.0,-52.0,16.0,2020-08-13
566,,Toronto,Ontario,-29.0,-10.0,100.0,-50.0,-51.0,14.0,2020-08-14
567,,Toronto,Ontario,-27.0,-12.0,155.0,-31.0,-11.0,1.0,2020-08-15
568,,Toronto,Ontario,-27.0,-15.0,79.0,-38.0,-13.0,2.0,2020-08-16
569,,Toronto,Ontario,-31.0,-15.0,49.0,-56.0,-54.0,16.0,2020-08-17
570,,Toronto,Ontario,-27.0,-9.0,93.0,-53.0,-52.0,15.0,2020-08-18
571,,Toronto,Ontario,-27.0,-11.0,92.0,-53.0,-52.0,15.0,2020-08-19
572,,Toronto,Ontario,-25.0,-4.0,106.0,-52.0,-51.0,15.0,2020-08-20
573,,Toronto,Ontario,-29.0,-8.0,87.0,-50.0,-50.0,14.0,2020-08-21
574,,Toronto,Ontario,-27.0,-11.0,141.0,-30.0,-9.0,2.0,2020-08-22
575,,Toronto,Ontario,-26.0,-14.0,122.0,-33.0,-10.0,0.0,2020-08-23
576,,Toronto,Ontario,-28.0,-10.0,86.0,-54.0,-52.0,15.0,2020-08-24
577,,Toronto,Ontario,-26.0,-7.0,103.0,-52.0,-52.0,14.0,2020-08-25
578,,Toronto,Ontario,-28.0,-12.0,49.0,-54.0,-51.0,16.0,2020-08-26
579,,Toronto,Ontario,-26.0,-5.0,80.0,-52.0,-50.0,15.0,2020-08-27
580,,Toronto,Ontario,-28.0,-8.0,79.0,-49.0,-50.0,14.0,2020-08-28
581,,Toronto,Ontario,-26.0,-8.0,103.0,-32.0,-10.0,3.0,2020-08-29
582,,Toronto,Ontario,-22.0,-11.0,142.0,-28.0,-9.0,0.0,2020-08-30
583,,Toronto,Ontario,-24.0,-7.0,92.0,-51.0,-52.0,13.0,2020-08-31
584,,Toronto,Ontario,-25.0,-6.0,95.0,-50.0,-52.0,14.0,2020-09-01
585,,Toronto,Ontario,-25.0,-8.0,62.0,-53.0,-52.0,15.0,2020-09-02
586,,Toronto,Ontario,-23.0,-4.0,92.0,-50.0,-50.0,14.0,2020-09-03
587,,Toronto,Ontario,-24.0,-5.0,82.0,-48.0,-50.0,13.0,2020-09-04
588,,Toronto,Ontario,-26.0,-11.0,100.0,-33.0,-12.0,2.0,2020-09-05
589,,Toronto,Ontario,-19.0,-9.0,138.0,-28.0,-12.0,-1.0,2020-09-06
590,,Toronto,Ontario,-53.0,-48.0,67.0,-71.0,-81.0,21.0,2020-09-07
591,,Toronto,Ontario,-25.0,1.0,33.0,-53.0,-52.0,14.0,2020-09-08
592,,Toronto,Ontario,-27.0,-7.0,43.0,-53.0,-51.0,15.0,2020-09-09
593,,Toronto,Ontario,-25.0,-3.0,60.0,-51.0,-49.0,15.0,2020-09-10
594,,Toronto,Ontario,-26.0,-7.0,68.0,-48.0,-48.0,14.0,2020-09-11
595,,Toronto,Ontario,-22.0,-6.0,125.0,-30.0,-6.0,3.0,2020-09-12
596,,Toronto,Ontario,-23.0,-10.0,85.0,-34.0,-10.0,3.0,2020-09-13
597,,Toronto,Ontario,-26.0,-7.0,57.0,-53.0,-48.0,15.0,2020-09-14
598,,Toronto,Ontario,-25.0,-6.0,63.0,-52.0,-48.0,15.0,2020-09-15
599,,Toronto,Ontario,-26.0,-10.0,74.0,-51.0,-49.0,15.0,2020-09-16
600,,Toronto,Ontario,-27.0,-5.0,60.0,-51.0,-48.0,15.0,2020-09-17
601,,Toronto,Ontario,-28.0,-9.0,46.0,-49.0,-47.0,14.0,2020-09-18
602,,Toronto,Ontario,-24.0,-7.0,92.0,-33.0,-7.0,4.0,2020-09-19
603,,Toronto,Ontario,-23.0,-9.0,99.0,-34.0,-9.0,3.0,2020-09-20
604,,Toronto,Ontario,-29.0,-9.0,55.0,-53.0,-49.0,15.0,2020-09-21
605,,Toronto,Ontario,-29.0,-7.0,59.0,-52.0,-49.0,15.0,2020-09-22
606,,Toronto,Ontario,-29.0,-9.0,68.0,-52.0,-48.0,15.0,2020-09-23
607,,Toronto,Ontario,-30.0,-6.0,37.0,-52.0,-47.0,16.0,2020-09-24
608,,Toronto,Ontario,-30.0,-7.0,61.0,-49.0,-46.0,14.0,2020-09-25
609,,Toronto,Ontario,-25.0,-6.0,115.0,-32.0,-4.0,3.0,2020-09-26
610,,Toronto,Ontario,-25.0,-8.0,108.0,-34.0,-7.0,2.0,2020-09-27
611,,Toronto,Ontario,-32.0,-8.0,50.0,-54.0,-48.0,15.0,2020-09-28
612,,Toronto,Ontario,-31.0,-6.0,33.0,-53.0,-48.0,15.0,2020-09-29
613,,Toronto,Ontario,-32.0,-9.0,0.0,-54.0,-48.0,17.0,2020-09-30
614,,Toronto,Ontario,-29.0,-1.0,32.0,-53.0,-45.0,16.0,2020-10-01
615,,Toronto,Ontario,-33.0,-8.0,14.0,-51.0,-45.0,16.0,2020-10-02
616,,Toronto,Ontario,-28.0,-7.0,66.0,-36.0,-7.0,6.0,2020-10-03
617,,Toronto,Ontario,-33.0,-12.0,-12.0,-43.0,-14.0,6.0,2020-10-04
618,,Toronto,Ontario,-32.0,-5.0,36.0,-54.0,-47.0,16.0,2020-10-05
619,,Toronto,Ontario,-33.0,-6.0,39.0,-53.0,-47.0,15.0,2020-10-06
620,,Toronto,Ontario,-34.0,-9.0,12.0,-55.0,-47.0,17.0,2020-10-07
621,,Toronto,Ontario,-33.0,-3.0,14.0,-53.0,-46.0,17.0,2020-10-08
622,,Toronto,Ontario,-31.0,1.0,40.0,-50.0,-45.0,15.0,2020-10-09
623,,Toronto,Ontario,-35.0,-4.0,68.0,-39.0,-9.0,5.0,2020-10-10
624,,Toronto,Ontario,-34.0,-5.0,48.0,-40.0,-12.0,3.0,2020-10-11
625,,Toronto,Ontario,-66.0,-54.0,52.0,-75.0,-82.0,24.0,2020-10-12
626,,Toronto,Ontario,-36.0,-2.0,51.0,-53.0,-49.0,16.0,2020-10-13
627,,Toronto,Ontario,-36.0,-8.0,36.0,-54.0,-47.0,17.0,2020-10-14
628,,Toronto,Ontario,-41.0,-13.0,-30.0,-56.0,-48.0,20.0,2020-10-15
629,,Toronto,Ontario,-36.0,-5.0,32.0,-51.0,-45.0,17.0,2020-10-16
630,,Toronto,Ontario,-31.0,-5.0,91.0,-37.0,-8.0,6.0,2020-10-17
631,,Toronto,Ontario,-35.0,-12.0,39.0,-42.0,-15.0,7.0,2020-10-18
632,,Toronto,Ontario,-40.0,-13.0,-18.0,-57.0,-49.0,18.0,2020-10-19
633,,Toronto,Ontario,-36.0,-7.0,25.0,-54.0,-48.0,17.0,2020-10-20
634,,Toronto,Ontario,-38.0,-12.0,12.0,-55.0,-48.0,19.0,2020-10-21
635,,Toronto,Ontario,-38.0,-7.0,5.0,-54.0,-46.0,19.0,2020-10-22
636,,Toronto,Ontario,-35.0,-8.0,69.0,-50.0,-45.0,16.0,2020-10-23
637,,Toronto,Ontario,-33.0,-5.0,49.0,-38.0,-9.0,7.0,2020-10-24
638,,Toronto,Ontario,-34.0,-11.0,30.0,-41.0,-15.0,6.0,2020-10-25
639,,Toronto,Ontario,-39.0,-11.0,0.0,-56.0,-48.0,17.0,2020-10-26
640,,Toronto,Ontario,-41.0,-14.0,-18.0,-56.0,-48.0,18.0,2020-10-27
641,,Toronto,Ontario,-34.0,-6.0,25.0,-54.0,-46.0,17.0,2020-10-28
642,,Toronto,Ontario,-37.0,-7.0,-8.0,-55.0,-46.0,18.0,2020-10-29
643,,Toronto,Ontario,-37.0,-6.0,-10.0,-53.0,-45.0,17.0,2020-10-30
644,,Toronto,Ontario,-31.0,-2.0,47.0,-36.0,-8.0,6.0,2020-10-31
645,,Toronto,Ontario,-38.0,-12.0,-23.0,-45.0,-17.0,7.0,2020-11-01
646,,Toronto,Ontario,-39.0,-13.0,-23.0,-57.0,-48.0,18.0,2020-11-02
647,,Toronto,Ontario,-39.0,-10.0,-8.0,-55.0,-47.0,17.0,2020-11-03
648,,Toronto,Ontario,-36.0,-11.0,34.0,-54.0,-47.0,18.0,2020-11-04
649,,Toronto,Ontario,-36.0,-8.0,25.0,-54.0,-45.0,18.0,2020-11-05
650,,Toronto,Ontario,-35.0,-8.0,46.0,-51.0,-44.0,17.0,2020-11-06
651,,Toronto,Ontario,-29.0,-6.0,112.0,-33.0,-7.0,6.0,2020-11-07
652,,Toronto,Ontario,-28.0,-8.0,115.0,-36.0,-11.0,4.0,2020-11-08
653,,Toronto,Ontario,-36.0,-10.0,45.0,-55.0,-47.0,17.0,2020-11-09
654,,Toronto,Ontario,-34.0,-7.0,63.0,-53.0,-46.0,16.0,2020-11-10
655,,Toronto,Ontario,-35.0,-9.0,25.0,-56.0,-48.0,18.0,2020-11-11
656,,Toronto,Ontario,-37.0,-6.0,11.0,-55.0,-45.0,18.0,2020-11-12
657,,Toronto,Ontario,-38.0,-8.0,-4.0,-53.0,-45.0,18.0,2020-11-13
658,,Toronto,Ontario,-33.0,-5.0,43.0,-41.0,-10.0,8.0,2020-11-14
659,,Toronto,Ontario,-44.0,-22.0,-40.0,-51.0,-19.0,9.0,2020-11-15
660,,Toronto,Ontario,-40.0,-14.0,-23.0,-59.0,-48.0,18.0,2020-11-16
661,,Toronto,Ontario,-41.0,-13.0,-22.0,-58.0,-48.0,18.0,2020-11-17
662,,Toronto,Ontario,-41.0,-15.0,-23.0,-59.0,-48.0,19.0,2020-11-18
663,,Toronto,Ontario,-37.0,-8.0,3.0,-57.0,-46.0,19.0,2020-11-19
664,,Toronto,Ontario,-34.0,-5.0,33.0,-54.0,-47.0,18.0,2020-11-20
665,,Toronto,Ontario,-30.0,-2.0,11.0,-41.0,-8.0,8.0,2020-11-21
666,,Toronto,Ontario,-42.0,-23.0,-34.0,-49.0,-17.0,9.0,2020-11-22
667,,Toronto,Ontario,-51.0,-21.0,-28.0,-62.0,-50.0,20.0,2020-11-23
668,,Toronto,Ontario,-49.0,-18.0,-25.0,-62.0,-50.0,20.0,2020-11-24
669,,Toronto,Ontario,-49.0,-21.0,-30.0,-62.0,-49.0,21.0,2020-11-25
670,,Toronto,Ontario,-44.0,-10.0,-9.0,-60.0,-48.0,20.0,2020-11-26
671,,Toronto,Ontario,-45.0,-14.0,-8.0,-59.0,-47.0,20.0,2020-11-27
672,,Toronto,Ontario,-43.0,-11.0,34.0,-49.0,-14.0,10.0,2020-11-28
673,,Toronto,Ontario,-43.0,-15.0,42.0,-50.0,-19.0,8.0,2020-11-29
674,,Toronto,Ontario,-48.0,-24.0,-49.0,-63.0,-50.0,20.0,2020-11-30
675,,Toronto,Ontario,-51.0,-20.0,-28.0,-61.0,-51.0,21.0,2020-12-01
676,,Toronto,Ontario,-46.0,-13.0,-16.0,-60.0,-49.0,20.0,2020-12-02
677,,Toronto,Ontario,-45.0,-10.0,-13.0,-59.0,-48.0,20.0,2020-12-03
678,,Toronto,Ontario,-49.0,-18.0,-30.0,-60.0,-48.0,21.0,2020-12-04
679,,Toronto,Ontario,-45.0,-10.0,4.0,-49.0,-15.0,10.0,2020-12-05
680,,Toronto,Ontario,-47.0,-16.0,9.0,-52.0,-21.0,8.0,2020-12-06
681,,Toronto,Ontario,-48.0,-17.0,-23.0,-62.0,-49.0,19.0,2020-12-07
682,,Toronto,Ontario,-47.0,-15.0,-14.0,-61.0,-49.0,19.0,2020-12-08
683,,Toronto,Ontario,-50.0,-21.0,-29.0,-62.0,-50.0,21.0,2020-12-09
684,,Toronto,Ontario,-46.0,-10.0,-13.0,-60.0,-48.0,20.0,2020-12-10
685,,Toronto,Ontario,-45.0,-11.0,4.0,-58.0,-47.0,20.0,2020-12-11
686,,Toronto,Ontario,-50.0,-18.0,-33.0,-55.0,-18.0,12.0,2020-12-12
687,,Toronto,Ontario,-46.0,-14.0,2.0,-52.0,-20.0,8.0,2020-12-13
688,,Toronto,Ontario,-47.0,-14.0,-23.0,-62.0,-50.0,19.0,2020-12-14
689,,Toronto,Ontario,-46.0,-12.0,-22.0,-61.0,-50.0,19.0,2020-12-15
690,,Toronto,Ontario,-49.0,-20.0,-42.0,-64.0,-50.0,21.0,2020-12-16
691,,Toronto,Ontario,-45.0,-8.0,-21.0,-60.0,-49.0,21.0,2020-12-17
692,,Toronto,Ontario,-45.0,-10.0,-12.0,-59.0,-48.0,20.0,2020-12-18
693,,Toronto,Ontario,-46.0,-10.0,-6.0,-51.0,-16.0,11.0,2020-12-19
694,,Toronto,Ontario,-45.0,-14.0,-5.0,-52.0,-20.0,9.0,2020-12-20
695,,Toronto,Ontario,-39.0,-1.0,-4.0,-62.0,-54.0,19.0,2020-12-21
696,,Toronto,Ontario,-37.0,7.0,-6.0,-61.0,-55.0,18.0,2020-12-22
697,,Toronto,Ontario,-32.0,19.0,1.0,-60.0,-55.0,18.0,2020-12-23
698,,Toronto,Ontario,-40.0,16.0,-30.0,-67.0,-67.0,23.0,2020-12-24
699,,Toronto,Ontario,-84.0,-74.0,-2.0,-84.0,-86.0,32.0,2020-12-25
700,,Toronto,Ontario,-68.0,-44.0,-1.0,-67.0,-43.0,15.0,2020-12-26
701,,Toronto,Ontario,-56.0,-29.0,12.0,-60.0,-27.0,10.0,2020-12-27
702,,Toronto,Ontario,-52.0,-16.0,-15.0,-75.0,-74.0,27.0,2020-12-28
703,,Toronto,Ontario,-47.0,-8.0,5.0,-68.0,-64.0,23.0,2020-12-29
704,,Toronto,Ontario,-47.0,-6.0,-33.0,-69.0,-64.0,25.0,2020-12-30
705,,Toronto,Ontario,-41.0,11.0,5.0,-68.0,-67.0,25.0,2020-12-31
706,,Toronto,Ontario,-80.0,-71.0,-4.0,-84.0,-86.0,34.0,2021-01-01
707,,Toronto,Ontario,-58.0,-23.0,14.0,-62.0,-32.0,15.0,2021-01-02
708,,Toronto,Ontario,-58.0,-27.0,-9.0,-61.0,-27.0,12.0,2021-01-03
709,,Toronto,Ontario,-53.0,-18.0,-22.0,-66.0,-55.0,22.0,2021-01-04
710,,Toronto,Ontario,-53.0,-17.0,-21.0,-66.0,-55.0,22.0,2021-01-05
711,,Toronto,Ontario,-54.0,-21.0,-23.0,-67.0,-55.0,23.0,2021-01-06
712,,Toronto,Ontario,-53.0,-15.0,-12.0,-66.0,-54.0,24.0,2021-01-07
713,,Toronto,Ontario,-55.0,-20.0,-19.0,-66.0,-53.0,24.0,2021-01-08
714,,Toronto,Ontario,-51.0,-14.0,28.0,-57.0,-20.0,13.0,2021-01-09
715,,Toronto,Ontario,-54.0,-21.0,6.0,-60.0,-25.0,11.0,2021-01-10
716,,Toronto,Ontario,-55.0,-22.0,-25.0,-68.0,-55.0,22.0,2021-01-11
717,,Toronto,Ontario,-55.0,-20.0,-27.0,-68.0,-55.0,22.0,2021-01-12
718,,Toronto,Ontario,-53.0,-18.0,-23.0,-68.0,-55.0,22.0,2021-01-13
719,,Toronto,Ontario,-61.0,-27.0,-25.0,-70.0,-57.0,25.0,2021-01-14
720,,Toronto,Ontario,-60.0,-29.0,-32.0,-70.0,-57.0,25.0,2021-01-15
721,,Toronto,Ontario,-57.0,-21.0,22.0,-63.0,-26.0,14.0,2021-01-16
722,,Toronto,Ontario,-59.0,-28.0,0.0,-64.0,-30.0,12.0,2021-01-17
723,,Toronto,Ontario,-59.0,-28.0,-22.0,-70.0,-58.0,23.0,2021-01-18
724,,Toronto,Ontario,-59.0,-27.0,-27.0,-70.0,-58.0,23.0,2021-01-19
725,,Toronto,Ontario,-59.0,-30.0,-34.0,-71.0,-58.0,25.0,2021-01-20
726,,Toronto,Ontario,-57.0,-22.0,-21.0,-70.0,-56.0,24.0,2021-01-21
727,,Toronto,Ontario,-58.0,-25.0,-33.0,-69.0,-56.0,25.0,2021-01-22
728,,Toronto,Ontario,-55.0,-19.0,-2.0,-62.0,-25.0,14.0,2021-01-23
729,,Toronto,Ontario,-58.0,-26.0,-6.0,-64.0,-29.0,11.0,2021-01-24
730,,Toronto,Ontario,-57.0,-24.0,-12.0,-70.0,-57.0,23.0,2021-01-25
731,,Toronto,Ontario,-66.0,-41.0,-37.0,-71.0,-59.0,25.0,2021-01-26
732,,Toronto,Ontario,-57.0,-24.0,-22.0,-69.0,-57.0,24.0,2021-01-27
733,,Toronto,Ontario,-58.0,-25.0,-38.0,-70.0,-56.0,25.0,2021-01-28
734,,Toronto,Ontario,-57.0,-24.0,-38.0,-69.0,-56.0,25.0,2021-01-29
735,,Toronto,Ontario,-53.0,-15.0,20.0,-61.0,-23.0,13.0,2021-01-30
736,,Toronto,Ontario,-57.0,-25.0,-17.0,-64.0,-28.0,11.0,2021-01-31
737,,Toronto,Ontario,-57.0,-25.0,-32.0,-70.0,-57.0,23.0,2021-02-01
738,,Toronto,Ontario,-57.0,-24.0,-29.0,-70.0,-57.0,23.0,2021-02-02
739,,Toronto,Ontario,-56.0,-24.0,-17.0,-70.0,-56.0,23.0,2021-02-03
740,,Toronto,Ontario,-54.0,-17.0,-2.0,-69.0,-55.0,23.0,2021-02-04
741,,Toronto,Ontario,-58.0,-27.0,-42.0,-70.0,-55.0,25.0,2021-02-05
742,,Toronto,Ontario,-55.0,-19.0,-22.0,-63.0,-23.0,14.0,2021-02-06
743,,Toronto,Ontario,-56.0,-25.0,-10.0,-63.0,-27.0,11.0,2021-02-07
744,,Toronto,Ontario,-58.0,-27.0,-34.0,-70.0,-57.0,23.0,2021-02-08
745,,Toronto,Ontario,-56.0,-23.0,-24.0,-69.0,-56.0,23.0,2021-02-09
746,,Toronto,Ontario,-56.0,-23.0,-30.0,-70.0,-56.0,24.0,2021-02-10
747,,Toronto,Ontario,-53.0,-16.0,-25.0,-69.0,-55.0,23.0,2021-02-11
748,,Toronto,Ontario,-55.0,-20.0,-36.0,-69.0,-55.0,24.0,2021-02-12
749,,Toronto,Ontario,-54.0,-14.0,-28.0,-63.0,-24.0,13.0,2021-02-13
750,,Toronto,Ontario,-45.0,-8.0,32.0,-58.0,-23.0,9.0,2021-02-14
751,,Toronto,Ontario,-71.0,-53.0,3.0,-82.0,-82.0,30.0,2021-02-15
752,,Toronto,Ontario,-60.0,-24.0,-38.0,-68.0,-57.0,23.0,2021-02-16
753,,Toronto,Ontario,-53.0,-16.0,-24.0,-66.0,-52.0,22.0,2021-02-17
754,,Toronto,Ontario,-57.0,-21.0,-35.0,-67.0,-52.0,23.0,2021-02-18
755,,Toronto,Ontario,-56.0,-22.0,-26.0,-65.0,-51.0,23.0,2021-02-19
756,,Toronto,Ontario,-51.0,-13.0,21.0,-59.0,-19.0,12.0,2021-02-20
757,,Toronto,Ontario,-51.0,-17.0,30.0,-60.0,-22.0,10.0,2021-02-21
758,,Toronto,Ontario,-58.0,-28.0,-37.0,-67.0,-54.0,22.0,2021-02-22
759,,Toronto,Ontario,-53.0,-18.0,-24.0,-66.0,-52.0,21.0,2021-02-23
760,,Toronto,Ontario,-53.0,-20.0,-20.0,-66.0,-52.0,22.0,2021-02-24
761,,Toronto,Ontario,-52.0,-15.0,-11.0,-65.0,-51.0,22.0,2021-02-25
762,,Toronto,Ontario,-50.0,-14.0,-6.0,-63.0,-49.0,21.0,2021-02-26
763,,Toronto,Ontario,-49.0,-13.0,21.0,-56.0,-17.0,11.0,2021-02-27
764,,Toronto,Ontario,-53.0,-22.0,-19.0,-59.0,-22.0,9.0,2021-02-28
765,,Toronto,Ontario,-54.0,-24.0,-39.0,-67.0,-52.0,21.0,2021-03-01
766,,Toronto,Ontario,-53.0,-19.0,-23.0,-66.0,-52.0,20.0,2021-03-02
767,,Toronto,Ontario,-51.0,-16.0,7.0,-64.0,-51.0,21.0,2021-03-03
768,,Toronto,Ontario,-52.0,-16.0,-25.0,-65.0,-50.0,22.0,2021-03-04
769,,Toronto,Ontario,-52.0,-17.0,-19.0,-64.0,-50.0,22.0,2021-03-05
